unicode.text,unicode.href,discrption,,,
U+1F601,http://apps.timwhitlock.info/unicode/inspect/hex/1F601,GRINNING FACE WITH SMILING EYES,happy,smile,
U+1F602,http://apps.timwhitlock.info/unicode/inspect/hex/1F602,FACE WITH TEARS OF JOY,joy,,
U+1F603,http://apps.timwhitlock.info/unicode/inspect/hex/1F603,SMILING FACE WITH OPEN MOUTH,,,
U+1F604,http://apps.timwhitlock.info/unicode/inspect/hex/1F604,SMILING FACE WITH OPEN MOUTH AND SMILING EYES,,,
U+1F605,http://apps.timwhitlock.info/unicode/inspect/hex/1F605,SMILING FACE WITH OPEN MOUTH AND COLD SWEAT,,,
U+1F606,http://apps.timwhitlock.info/unicode/inspect/hex/1F606,SMILING FACE WITH OPEN MOUTH AND TIGHTLY-CLOSED EYES,,,
U+1F609,http://apps.timwhitlock.info/unicode/inspect/hex/1F609,WINKING FACE,wink,,
U+1F60A,http://apps.timwhitlock.info/unicode/inspect/hex/1F60A,SMILING FACE WITH SMILING EYES,,,
U+1F60B,http://apps.timwhitlock.info/unicode/inspect/hex/1F60B,FACE SAVOURING DELICIOUS FOOD,yum,yummy,food
U+1F60C,http://apps.timwhitlock.info/unicode/inspect/hex/1F60C,RELIEVED FACE,,,
U+1F60D,http://apps.timwhitlock.info/unicode/inspect/hex/1F60D,SMILING FACE WITH HEART-SHAPED EYES,love,,
U+1F60F,http://apps.timwhitlock.info/unicode/inspect/hex/1F60F,SMIRKING FACE,,,
U+1F612,http://apps.timwhitlock.info/unicode/inspect/hex/1F612,UNAMUSED FACE,,,
U+1F613,http://apps.timwhitlock.info/unicode/inspect/hex/1F613,FACE WITH COLD SWEAT,,,
U+1F614,http://apps.timwhitlock.info/unicode/inspect/hex/1F614,PENSIVE FACE,,,
U+1F616,http://apps.timwhitlock.info/unicode/inspect/hex/1F616,CONFOUNDED FACE,,,
U+1F618,http://apps.timwhitlock.info/unicode/inspect/hex/1F618,FACE THROWING A KISS,kiss,kissing ,kisses
U+1F61A,http://apps.timwhitlock.info/unicode/inspect/hex/1F61A,KISSING FACE WITH CLOSED EYES,,,
U+1F61C,http://apps.timwhitlock.info/unicode/inspect/hex/1F61C,FACE WITH STUCK-OUT TONGUE AND WINKING EYE,cheeky,,
U+1F61D,http://apps.timwhitlock.info/unicode/inspect/hex/1F61D,FACE WITH STUCK-OUT TONGUE AND TIGHTLY-CLOSED EYES,,,
U+1F61E,http://apps.timwhitlock.info/unicode/inspect/hex/1F61E,DISAPPOINTED FACE,,,
U+1F620,http://apps.timwhitlock.info/unicode/inspect/hex/1F620,ANGRY FACE,angry,,
U+1F621,http://apps.timwhitlock.info/unicode/inspect/hex/1F621,POUTING FACE,,,
U+1F622,http://apps.timwhitlock.info/unicode/inspect/hex/1F622,CRYING FACE,,,
U+1F623,http://apps.timwhitlock.info/unicode/inspect/hex/1F623,PERSEVERING FACE,,,
U+1F624,http://apps.timwhitlock.info/unicode/inspect/hex/1F624,FACE WITH LOOK OF TRIUMPH,,,
U+1F625,http://apps.timwhitlock.info/unicode/inspect/hex/1F625,DISAPPOINTED BUT RELIEVED FACE,fearful,scared,
U+1F628,http://apps.timwhitlock.info/unicode/inspect/hex/1F628,FEARFUL FACE,,,
U+1F629,http://apps.timwhitlock.info/unicode/inspect/hex/1F629,WEARY FACE,sleepy,,
U+1F62A,http://apps.timwhitlock.info/unicode/inspect/hex/1F62A,SLEEPY FACE,,,
U+1F62B,http://apps.timwhitlock.info/unicode/inspect/hex/1F62B,TIRED FACE,,,
U+1F62D,http://apps.timwhitlock.info/unicode/inspect/hex/1F62D,LOUDLY CRYING FACE,,,
U+1F630,http://apps.timwhitlock.info/unicode/inspect/hex/1F630,FACE WITH OPEN MOUTH AND COLD SWEAT,,,
U+1F631,http://apps.timwhitlock.info/unicode/inspect/hex/1F631,FACE SCREAMING IN FEAR,,,
U+1F632,http://apps.timwhitlock.info/unicode/inspect/hex/1F632,ASTONISHED FACE,,,
U+1F633,http://apps.timwhitlock.info/unicode/inspect/hex/1F633,FLUSHED FACE,,,
U+1F635,http://apps.timwhitlock.info/unicode/inspect/hex/1F635,DIZZY FACE,,,
U+1F637,http://apps.timwhitlock.info/unicode/inspect/hex/1F637,FACE WITH MEDICAL MASK,doctor,,
U+1F638,http://apps.timwhitlock.info/unicode/inspect/hex/1F638,GRINNING CAT FACE WITH SMILING EYES,cat,,
U+1F639,http://apps.timwhitlock.info/unicode/inspect/hex/1F639,CAT FACE WITH TEARS OF JOY,,,
U+1F63A,http://apps.timwhitlock.info/unicode/inspect/hex/1F63A,SMILING CAT FACE WITH OPEN MOUTH,,,
U+1F63B,http://apps.timwhitlock.info/unicode/inspect/hex/1F63B,SMILING CAT FACE WITH HEART-SHAPED EYES,,,
U+1F63C,http://apps.timwhitlock.info/unicode/inspect/hex/1F63C,CAT FACE WITH WRY SMILE,,,
U+1F63D,http://apps.timwhitlock.info/unicode/inspect/hex/1F63D,KISSING CAT FACE WITH CLOSED EYES,,,
U+1F63E,http://apps.timwhitlock.info/unicode/inspect/hex/1F63E,POUTING CAT FACE,,,
U+1F63F,http://apps.timwhitlock.info/unicode/inspect/hex/1F63F,CRYING CAT FACE,,,
U+1F640,http://apps.timwhitlock.info/unicode/inspect/hex/1F640,WEARY CAT FACE,,,
U+1F645,http://apps.timwhitlock.info/unicode/inspect/hex/1F645,FACE WITH NO GOOD GESTURE,,,
U+1F646,http://apps.timwhitlock.info/unicode/inspect/hex/1F646,FACE WITH OK GESTURE,,,
U+1F647,http://apps.timwhitlock.info/unicode/inspect/hex/1F647,PERSON BOWING DEEPLY,,,
U+1F648,http://apps.timwhitlock.info/unicode/inspect/hex/1F648,SEE-NO-EVIL MONKEY,,,
U+1F649,http://apps.timwhitlock.info/unicode/inspect/hex/1F649,HEAR-NO-EVIL MONKEY,,,
U+1F64A,http://apps.timwhitlock.info/unicode/inspect/hex/1F64A,SPEAK-NO-EVIL MONKEY,,,
U+1F64B,http://apps.timwhitlock.info/unicode/inspect/hex/1F64B,HAPPY PERSON RAISING ONE HAND,,,
U+1F64C,http://apps.timwhitlock.info/unicode/inspect/hex/1F64C,PERSON RAISING BOTH HANDS IN CELEBRATION,,,
U+1F64D,http://apps.timwhitlock.info/unicode/inspect/hex/1F64D,PERSON FROWNING,,,
U+1F64E,http://apps.timwhitlock.info/unicode/inspect/hex/1F64E,PERSON WITH POUTING FACE,,,
U+1F64F,http://apps.timwhitlock.info/unicode/inspect/hex/1F64F,PERSON WITH FOLDED HANDS,,,
U+2702,http://apps.timwhitlock.info/unicode/inspect/hex/2702,BLACK SCISSORS,scissors,,
U+2705,http://apps.timwhitlock.info/unicode/inspect/hex/2705,WHITE HEAVY CHECK MARK,,,
U+2708,http://apps.timwhitlock.info/unicode/inspect/hex/2708,AIRPLANE,airplane,,
U+2709,http://apps.timwhitlock.info/unicode/inspect/hex/2709,ENVELOPE,envelope,,
U+270A,http://apps.timwhitlock.info/unicode/inspect/hex/270A,RAISED FIST,fist,,
U+270B,http://apps.timwhitlock.info/unicode/inspect/hex/270B,RAISED HAND,,,
U+270C,http://apps.timwhitlock.info/unicode/inspect/hex/270C,VICTORY HAND,pencil,,
U+270F,http://apps.timwhitlock.info/unicode/inspect/hex/270F,PENCIL,,,
U+2712,http://apps.timwhitlock.info/unicode/inspect/hex/2712,BLACK NIB,,,
U+2714,http://apps.timwhitlock.info/unicode/inspect/hex/2714,HEAVY CHECK MARK,,,
U+2716,http://apps.timwhitlock.info/unicode/inspect/hex/2716,HEAVY MULTIPLICATION X,,,
U+2728,http://apps.timwhitlock.info/unicode/inspect/hex/2728,SPARKLES,sparkles,,
U+2733,http://apps.timwhitlock.info/unicode/inspect/hex/2733,EIGHT SPOKED ASTERISK,,,
U+2734,http://apps.timwhitlock.info/unicode/inspect/hex/2734,EIGHT POINTED BLACK STAR,,,
U+2744,http://apps.timwhitlock.info/unicode/inspect/hex/2744,SNOWFLAKE,snowflake,,
U+2747,http://apps.timwhitlock.info/unicode/inspect/hex/2747,SPARKLE,,,
U+274C,http://apps.timwhitlock.info/unicode/inspect/hex/274C,CROSS MARK,,,
U+274E,http://apps.timwhitlock.info/unicode/inspect/hex/274E,NEGATIVE SQUARED CROSS MARK,,,
U+2753,http://apps.timwhitlock.info/unicode/inspect/hex/2753,BLACK QUESTION MARK ORNAMENT,,,
U+2754,http://apps.timwhitlock.info/unicode/inspect/hex/2754,WHITE QUESTION MARK ORNAMENT,,,
U+2755,http://apps.timwhitlock.info/unicode/inspect/hex/2755,WHITE EXCLAMATION MARK ORNAMENT,,,
U+2757,http://apps.timwhitlock.info/unicode/inspect/hex/2757,HEAVY EXCLAMATION MARK SYMBOL,,,
U+2764,http://apps.timwhitlock.info/unicode/inspect/hex/2764,HEAVY BLACK HEART,,,
U+2795,http://apps.timwhitlock.info/unicode/inspect/hex/2795,HEAVY PLUS SIGN,,,
U+2796,http://apps.timwhitlock.info/unicode/inspect/hex/2796,HEAVY MINUS SIGN,,,
U+2797,http://apps.timwhitlock.info/unicode/inspect/hex/2797,HEAVY DIVISION SIGN,,,
U+27A1,http://apps.timwhitlock.info/unicode/inspect/hex/27A1,BLACK RIGHTWARDS ARROW,,,
U+27B0,http://apps.timwhitlock.info/unicode/inspect/hex/27B0,CURLY LOOP,,,
U+1F680,http://apps.timwhitlock.info/unicode/inspect/hex/1F680,ROCKET,rocket,,
U+1F683,http://apps.timwhitlock.info/unicode/inspect/hex/1F683,RAILWAY CAR,train,,
U+1F684,http://apps.timwhitlock.info/unicode/inspect/hex/1F684,HIGH-SPEED TRAIN,,,
U+1F685,http://apps.timwhitlock.info/unicode/inspect/hex/1F685,HIGH-SPEED TRAIN WITH BULLET NOSE,,,
U+1F687,http://apps.timwhitlock.info/unicode/inspect/hex/1F687,METRO,,,
U+1F689,http://apps.timwhitlock.info/unicode/inspect/hex/1F689,STATION,,,
U+1F68C,http://apps.timwhitlock.info/unicode/inspect/hex/1F68C,BUS,bus,,
U+1F68F,http://apps.timwhitlock.info/unicode/inspect/hex/1F68F,BUS STOP,bus stop,,
U+1F691,http://apps.timwhitlock.info/unicode/inspect/hex/1F691,AMBULANCE,ambulance,,
U+1F692,http://apps.timwhitlock.info/unicode/inspect/hex/1F692,FIRE ENGINE,,,
U+1F693,http://apps.timwhitlock.info/unicode/inspect/hex/1F693,POLICE CAR,police,,
U+1F695,http://apps.timwhitlock.info/unicode/inspect/hex/1F695,TAXI,taxi,,
U+1F697,http://apps.timwhitlock.info/unicode/inspect/hex/1F697,AUTOMOBILE,car,,
U+1F699,http://apps.timwhitlock.info/unicode/inspect/hex/1F699,RECREATIONAL VEHICLE,,,
U+1F69A,http://apps.timwhitlock.info/unicode/inspect/hex/1F69A,DELIVERY TRUCK,truck,,
U+1F6A2,http://apps.timwhitlock.info/unicode/inspect/hex/1F6A2,SHIP,ship,,
U+1F6A4,http://apps.timwhitlock.info/unicode/inspect/hex/1F6A4,SPEEDBOAT,speedboat,,
U+1F6A5,http://apps.timwhitlock.info/unicode/inspect/hex/1F6A5,HORIZONTAL TRAFFIC LIGHT,,,
U+1F6A7,http://apps.timwhitlock.info/unicode/inspect/hex/1F6A7,CONSTRUCTION SIGN,construction,,
U+1F6A8,http://apps.timwhitlock.info/unicode/inspect/hex/1F6A8,POLICE CARS REVOLVING LIGHT,,,
U+1F6A9,http://apps.timwhitlock.info/unicode/inspect/hex/1F6A9,TRIANGULAR FLAG ON POST,,,
U+1F6AA,http://apps.timwhitlock.info/unicode/inspect/hex/1F6AA,DOOR,door,,
U+1F6AB,http://apps.timwhitlock.info/unicode/inspect/hex/1F6AB,NO ENTRY SIGN,stop,,
U+1F6AC,http://apps.timwhitlock.info/unicode/inspect/hex/1F6AC,SMOKING SYMBOL,smoking,,
U+1F6AD,http://apps.timwhitlock.info/unicode/inspect/hex/1F6AD,NO SMOKING SYMBOL,,,
U+1F6B2,http://apps.timwhitlock.info/unicode/inspect/hex/1F6B2,BICYCLE,bicycle,,
U+1F6B6,http://apps.timwhitlock.info/unicode/inspect/hex/1F6B6,PEDESTRIAN,pedestrian,,
U+1F6B9,http://apps.timwhitlock.info/unicode/inspect/hex/1F6B9,MENS SYMBOL,men,man,
U+1F6BA,http://apps.timwhitlock.info/unicode/inspect/hex/1F6BA,WOMENS SYMBOL,woman,women,
U+1F6BB,http://apps.timwhitlock.info/unicode/inspect/hex/1F6BB,RESTROOM,restroom,,
U+1F6BC,http://apps.timwhitlock.info/unicode/inspect/hex/1F6BC,BABY SYMBOL,baby,,
U+1F6BD,http://apps.timwhitlock.info/unicode/inspect/hex/1F6BD,TOILET,toilet,,
U+1F6BE,http://apps.timwhitlock.info/unicode/inspect/hex/1F6BE,WATER CLOSET,,,
U+1F6C0,http://apps.timwhitlock.info/unicode/inspect/hex/1F6C0,BATH,bath,,
U+24C2,http://apps.timwhitlock.info/unicode/inspect/hex/24C2,CIRCLED LATIN CAPITAL LETTER M,,,
U+1F170,http://apps.timwhitlock.info/unicode/inspect/hex/1F170,NEGATIVE SQUARED LATIN CAPITAL LETTER A,,,
U+1F171,http://apps.timwhitlock.info/unicode/inspect/hex/1F171,NEGATIVE SQUARED LATIN CAPITAL LETTER B,,,
U+1F17E,http://apps.timwhitlock.info/unicode/inspect/hex/1F17E,NEGATIVE SQUARED LATIN CAPITAL LETTER O,,,
U+1F17F,http://apps.timwhitlock.info/unicode/inspect/hex/1F17F,NEGATIVE SQUARED LATIN CAPITAL LETTER P,,,
U+1F18E,http://apps.timwhitlock.info/unicode/inspect/hex/1F18E,NEGATIVE SQUARED AB,,,
U+1F191,http://apps.timwhitlock.info/unicode/inspect/hex/1F191,SQUARED CL,,,
U+1F192,http://apps.timwhitlock.info/unicode/inspect/hex/1F192,SQUARED COOL,,,
U+1F193,http://apps.timwhitlock.info/unicode/inspect/hex/1F193,SQUARED FREE,,,
U+1F194,http://apps.timwhitlock.info/unicode/inspect/hex/1F194,SQUARED ID,,,
U+1F195,http://apps.timwhitlock.info/unicode/inspect/hex/1F195,SQUARED NEW,,,
U+1F196,http://apps.timwhitlock.info/unicode/inspect/hex/1F196,SQUARED NG,,,
U+1F197,http://apps.timwhitlock.info/unicode/inspect/hex/1F197,SQUARED OK,,,
U+1F198,http://apps.timwhitlock.info/unicode/inspect/hex/1F198,SQUARED SOS,,,
U+1F199,http://apps.timwhitlock.info/unicode/inspect/hex/1F199,SQUARED UP WITH EXCLAMATION MARK,,,
U+1F19A,http://apps.timwhitlock.info/unicode/inspect/hex/1F19A,SQUARED VS,,,
U+1F1E9 U+1F1EA,http://apps.timwhitlock.info/unicode/inspect/hex/1F1E9/1F1EA,REGIONAL INDICATOR SYMBOL LETTER D + REGIONAL INDICATOR SYMBOL LETTER E,,,
U+1F1EC U+1F1E7,http://apps.timwhitlock.info/unicode/inspect/hex/1F1EC/1F1E7,REGIONAL INDICATOR SYMBOL LETTER G + REGIONAL INDICATOR SYMBOL LETTER B,,,
U+1F1E8 U+1F1F3,http://apps.timwhitlock.info/unicode/inspect/hex/1F1E8/1F1F3,REGIONAL INDICATOR SYMBOL LETTER C + REGIONAL INDICATOR SYMBOL LETTER N,,,
U+1F1EF U+1F1F5,http://apps.timwhitlock.info/unicode/inspect/hex/1F1EF/1F1F5,REGIONAL INDICATOR SYMBOL LETTER J + REGIONAL INDICATOR SYMBOL LETTER P,,,
U+1F1F0 U+1F1F7,http://apps.timwhitlock.info/unicode/inspect/hex/1F1F0/1F1F7,REGIONAL INDICATOR SYMBOL LETTER K + REGIONAL INDICATOR SYMBOL LETTER R,,,
U+1F1EB U+1F1F7,http://apps.timwhitlock.info/unicode/inspect/hex/1F1EB/1F1F7,REGIONAL INDICATOR SYMBOL LETTER F + REGIONAL INDICATOR SYMBOL LETTER R,,,
U+1F1EA U+1F1F8,http://apps.timwhitlock.info/unicode/inspect/hex/1F1EA/1F1F8,REGIONAL INDICATOR SYMBOL LETTER E + REGIONAL INDICATOR SYMBOL LETTER S,,,
U+1F1EE U+1F1F9,http://apps.timwhitlock.info/unicode/inspect/hex/1F1EE/1F1F9,REGIONAL INDICATOR SYMBOL LETTER I + REGIONAL INDICATOR SYMBOL LETTER T,,,
U+1F1FA U+1F1F8,http://apps.timwhitlock.info/unicode/inspect/hex/1F1FA/1F1F8,REGIONAL INDICATOR SYMBOL LETTER U + REGIONAL INDICATOR SYMBOL LETTER S,,,
U+1F1F7 U+1F1FA,http://apps.timwhitlock.info/unicode/inspect/hex/1F1F7/1F1FA,REGIONAL INDICATOR SYMBOL LETTER R + REGIONAL INDICATOR SYMBOL LETTER U,,,
U+1F201,http://apps.timwhitlock.info/unicode/inspect/hex/1F201,SQUARED KATAKANA KOKO,,,
U+1F202,http://apps.timwhitlock.info/unicode/inspect/hex/1F202,SQUARED KATAKANA SA,,,
U+1F21A,http://apps.timwhitlock.info/unicode/inspect/hex/1F21A,SQUARED CJK UNIFIED IDEOGRAPH-7121,,,
U+1F22F,http://apps.timwhitlock.info/unicode/inspect/hex/1F22F,SQUARED CJK UNIFIED IDEOGRAPH-6307,,,
U+1F232,http://apps.timwhitlock.info/unicode/inspect/hex/1F232,SQUARED CJK UNIFIED IDEOGRAPH-7981,,,
U+1F233,http://apps.timwhitlock.info/unicode/inspect/hex/1F233,SQUARED CJK UNIFIED IDEOGRAPH-7A7A,,,
U+1F234,http://apps.timwhitlock.info/unicode/inspect/hex/1F234,SQUARED CJK UNIFIED IDEOGRAPH-5408,,,
U+1F235,http://apps.timwhitlock.info/unicode/inspect/hex/1F235,SQUARED CJK UNIFIED IDEOGRAPH-6E80,,,
U+1F236,http://apps.timwhitlock.info/unicode/inspect/hex/1F236,SQUARED CJK UNIFIED IDEOGRAPH-6709,,,
U+1F237,http://apps.timwhitlock.info/unicode/inspect/hex/1F237,SQUARED CJK UNIFIED IDEOGRAPH-6708,,,
U+1F238,http://apps.timwhitlock.info/unicode/inspect/hex/1F238,SQUARED CJK UNIFIED IDEOGRAPH-7533,,,
U+1F239,http://apps.timwhitlock.info/unicode/inspect/hex/1F239,SQUARED CJK UNIFIED IDEOGRAPH-5272,,,
U+1F23A,http://apps.timwhitlock.info/unicode/inspect/hex/1F23A,SQUARED CJK UNIFIED IDEOGRAPH-55B6,,,
U+1F250,http://apps.timwhitlock.info/unicode/inspect/hex/1F250,CIRCLED IDEOGRAPH ADVANTAGE,,,
U+1F251,http://apps.timwhitlock.info/unicode/inspect/hex/1F251,CIRCLED IDEOGRAPH ACCEPT,,,
U+00A9,http://apps.timwhitlock.info/unicode/inspect/hex/00A9,COPYRIGHT SIGN,copyright,,
U+00AE,http://apps.timwhitlock.info/unicode/inspect/hex/00AE,REGISTERED SIGN,,,
U+203C,http://apps.timwhitlock.info/unicode/inspect/hex/203C,DOUBLE EXCLAMATION MARK,,,
U+2049,http://apps.timwhitlock.info/unicode/inspect/hex/2049,EXCLAMATION QUESTION MARK,what,,
U+0038 U+20E3,http://apps.timwhitlock.info/unicode/inspect/hex/0038/20E3,DIGIT EIGHT + COMBINING ENCLOSING KEYCAP,,,
U+0039 U+20E3,http://apps.timwhitlock.info/unicode/inspect/hex/0039/20E3,DIGIT NINE + COMBINING ENCLOSING KEYCAP,,,
U+0037 U+20E3,http://apps.timwhitlock.info/unicode/inspect/hex/0037/20E3,DIGIT SEVEN + COMBINING ENCLOSING KEYCAP,,,
U+0036 U+20E3,http://apps.timwhitlock.info/unicode/inspect/hex/0036/20E3,DIGIT SIX + COMBINING ENCLOSING KEYCAP,,,
U+0031 U+20E3,http://apps.timwhitlock.info/unicode/inspect/hex/0031/20E3,DIGIT ONE + COMBINING ENCLOSING KEYCAP,,,
U+0030 U+20E3,http://apps.timwhitlock.info/unicode/inspect/hex/0030/20E3,DIGIT ZERO + COMBINING ENCLOSING KEYCAP,,,
U+0032 U+20E3,http://apps.timwhitlock.info/unicode/inspect/hex/0032/20E3,DIGIT TWO + COMBINING ENCLOSING KEYCAP,,,
U+0033 U+20E3,http://apps.timwhitlock.info/unicode/inspect/hex/0033/20E3,DIGIT THREE + COMBINING ENCLOSING KEYCAP,,,
U+0035 U+20E3,http://apps.timwhitlock.info/unicode/inspect/hex/0035/20E3,DIGIT FIVE + COMBINING ENCLOSING KEYCAP,,,
U+0034 U+20E3,http://apps.timwhitlock.info/unicode/inspect/hex/0034/20E3,DIGIT FOUR + COMBINING ENCLOSING KEYCAP,,,
U+0023 U+20E3,http://apps.timwhitlock.info/unicode/inspect/hex/0023/20E3,NUMBER SIGN + COMBINING ENCLOSING KEYCAP,,,
U+2122,http://apps.timwhitlock.info/unicode/inspect/hex/2122,TRADE MARK SIGN,,,
U+2139,http://apps.timwhitlock.info/unicode/inspect/hex/2139,INFORMATION SOURCE,,,
U+2194,http://apps.timwhitlock.info/unicode/inspect/hex/2194,LEFT RIGHT ARROW,,,
U+2195,http://apps.timwhitlock.info/unicode/inspect/hex/2195,UP DOWN ARROW,,,
U+2196,http://apps.timwhitlock.info/unicode/inspect/hex/2196,NORTH WEST ARROW,,,
U+2197,http://apps.timwhitlock.info/unicode/inspect/hex/2197,NORTH EAST ARROW,,,
U+2198,http://apps.timwhitlock.info/unicode/inspect/hex/2198,SOUTH EAST ARROW,,,
U+2199,http://apps.timwhitlock.info/unicode/inspect/hex/2199,SOUTH WEST ARROW,,,
U+21A9,http://apps.timwhitlock.info/unicode/inspect/hex/21A9,LEFTWARDS ARROW WITH HOOK,,,
U+21AA,http://apps.timwhitlock.info/unicode/inspect/hex/21AA,RIGHTWARDS ARROW WITH HOOK,,,
U+231A,http://apps.timwhitlock.info/unicode/inspect/hex/231A,WATCH,watch,,
U+231B,http://apps.timwhitlock.info/unicode/inspect/hex/231B,HOURGLASS,hourglass,time,
U+23E9,http://apps.timwhitlock.info/unicode/inspect/hex/23E9,BLACK RIGHT-POINTING DOUBLE TRIANGLE,,,
U+23EA,http://apps.timwhitlock.info/unicode/inspect/hex/23EA,BLACK LEFT-POINTING DOUBLE TRIANGLE,,,
U+23EB,http://apps.timwhitlock.info/unicode/inspect/hex/23EB,BLACK UP-POINTING DOUBLE TRIANGLE,,,
U+23EC,http://apps.timwhitlock.info/unicode/inspect/hex/23EC,BLACK DOWN-POINTING DOUBLE TRIANGLE,,,
U+23F0,http://apps.timwhitlock.info/unicode/inspect/hex/23F0,ALARM CLOCK,alarm,morning,
U+23F3,http://apps.timwhitlock.info/unicode/inspect/hex/23F3,HOURGLASS WITH FLOWING SAND,,,
U+25AA,http://apps.timwhitlock.info/unicode/inspect/hex/25AA,BLACK SMALL SQUARE,,,
U+25AB,http://apps.timwhitlock.info/unicode/inspect/hex/25AB,WHITE SMALL SQUARE,,,
U+25B6,http://apps.timwhitlock.info/unicode/inspect/hex/25B6,BLACK RIGHT-POINTING TRIANGLE,,,
U+25C0,http://apps.timwhitlock.info/unicode/inspect/hex/25C0,BLACK LEFT-POINTING TRIANGLE,,,
U+25FB,http://apps.timwhitlock.info/unicode/inspect/hex/25FB,WHITE MEDIUM SQUARE,,,
U+25FC,http://apps.timwhitlock.info/unicode/inspect/hex/25FC,BLACK MEDIUM SQUARE,,,
U+25FD,http://apps.timwhitlock.info/unicode/inspect/hex/25FD,WHITE MEDIUM SMALL SQUARE,,,
U+25FE,http://apps.timwhitlock.info/unicode/inspect/hex/25FE,BLACK MEDIUM SMALL SQUARE,,,
U+2600,http://apps.timwhitlock.info/unicode/inspect/hex/2600,BLACK SUN WITH RAYS,,,
U+2601,http://apps.timwhitlock.info/unicode/inspect/hex/2601,CLOUD,cloud,,
U+260E,http://apps.timwhitlock.info/unicode/inspect/hex/260E,BLACK TELEPHONE,telephone,,
U+2611,http://apps.timwhitlock.info/unicode/inspect/hex/2611,BALLOT BOX WITH CHECK,vote,,
U+2614,http://apps.timwhitlock.info/unicode/inspect/hex/2614,UMBRELLA WITH RAIN DROPS,umberella,,
U+2615,http://apps.timwhitlock.info/unicode/inspect/hex/2615,HOT BEVERAGE,coffee,tea,
U+261D,http://apps.timwhitlock.info/unicode/inspect/hex/261D,WHITE UP POINTING INDEX,,,
U+263A,http://apps.timwhitlock.info/unicode/inspect/hex/263A,WHITE SMILING FACE,,,
U+2648,http://apps.timwhitlock.info/unicode/inspect/hex/2648,ARIES,ARIES,,
U+2649,http://apps.timwhitlock.info/unicode/inspect/hex/2649,TAURUS,TAURUS,,
U+264A,http://apps.timwhitlock.info/unicode/inspect/hex/264A,GEMINI,GEMINI,,
U+264B,http://apps.timwhitlock.info/unicode/inspect/hex/264B,CANCER,CANCER,,
U+264C,http://apps.timwhitlock.info/unicode/inspect/hex/264C,LEO,LEO,,
U+264D,http://apps.timwhitlock.info/unicode/inspect/hex/264D,VIRGO,VIRGO,,
U+264E,http://apps.timwhitlock.info/unicode/inspect/hex/264E,LIBRA,LIBRA,,
U+264F,http://apps.timwhitlock.info/unicode/inspect/hex/264F,SCORPIUS,SCORPIUS,,
U+2650,http://apps.timwhitlock.info/unicode/inspect/hex/2650,SAGITTARIUS,SAGITTARIUS,,
U+2651,http://apps.timwhitlock.info/unicode/inspect/hex/2651,CAPRICORN,CAPRICORN,,
U+2652,http://apps.timwhitlock.info/unicode/inspect/hex/2652,AQUARIUS,AQUARIUS,,
U+2653,http://apps.timwhitlock.info/unicode/inspect/hex/2653,PISCES,PISCES,,
U+2660,http://apps.timwhitlock.info/unicode/inspect/hex/2660,BLACK SPADE SUIT,spade,,
U+2663,http://apps.timwhitlock.info/unicode/inspect/hex/2663,BLACK CLUB SUIT,club,,
U+2665,http://apps.timwhitlock.info/unicode/inspect/hex/2665,BLACK HEART SUIT,heart,,
U+2666,http://apps.timwhitlock.info/unicode/inspect/hex/2666,BLACK DIAMOND SUIT,diamond,,
U+2668,http://apps.timwhitlock.info/unicode/inspect/hex/2668,HOT SPRINGS,,,
U+267B,http://apps.timwhitlock.info/unicode/inspect/hex/267B,BLACK UNIVERSAL RECYCLING SYMBOL,recycling,,
U+267F,http://apps.timwhitlock.info/unicode/inspect/hex/267F,WHEELCHAIR SYMBOL,wheelchair,,
U+2693,http://apps.timwhitlock.info/unicode/inspect/hex/2693,ANCHOR,anchor,,
U+26A0,http://apps.timwhitlock.info/unicode/inspect/hex/26A0,WARNING SIGN,warning,,
U+26A1,http://apps.timwhitlock.info/unicode/inspect/hex/26A1,HIGH VOLTAGE SIGN,,,
U+26AA,http://apps.timwhitlock.info/unicode/inspect/hex/26AA,MEDIUM WHITE CIRCLE,,,
U+26AB,http://apps.timwhitlock.info/unicode/inspect/hex/26AB,MEDIUM BLACK CIRCLE,,,
U+26BD,http://apps.timwhitlock.info/unicode/inspect/hex/26BD,SOCCER BALL,football,soccer,
U+26BE,http://apps.timwhitlock.info/unicode/inspect/hex/26BE,BASEBALL,baseball,,
U+26C4,http://apps.timwhitlock.info/unicode/inspect/hex/26C4,SNOWMAN WITHOUT SNOW,,,
U+26C5,http://apps.timwhitlock.info/unicode/inspect/hex/26C5,SUN BEHIND CLOUD,,,
U+26CE,http://apps.timwhitlock.info/unicode/inspect/hex/26CE,OPHIUCHUS,,,
U+26D4,http://apps.timwhitlock.info/unicode/inspect/hex/26D4,NO ENTRY,,,
U+26EA,http://apps.timwhitlock.info/unicode/inspect/hex/26EA,CHURCH,church,,
U+26F2,http://apps.timwhitlock.info/unicode/inspect/hex/26F2,FOUNTAIN,fountain,,
U+26F3,http://apps.timwhitlock.info/unicode/inspect/hex/26F3,FLAG IN HOLE,golf,,
U+26F5,http://apps.timwhitlock.info/unicode/inspect/hex/26F5,SAILBOAT,boat,sailboat,
U+26FA,http://apps.timwhitlock.info/unicode/inspect/hex/26FA,TENT,tent,,
U+26FD,http://apps.timwhitlock.info/unicode/inspect/hex/26FD,FUEL PUMP,fuel,pump,pumped
U+2934,http://apps.timwhitlock.info/unicode/inspect/hex/2934,ARROW POINTING RIGHTWARDS THEN CURVING UPWARDS,,,
U+2935,http://apps.timwhitlock.info/unicode/inspect/hex/2935,ARROW POINTING RIGHTWARDS THEN CURVING DOWNWARDS,,,
U+2B05,http://apps.timwhitlock.info/unicode/inspect/hex/2B05,LEFTWARDS BLACK ARROW,,,
U+2B06,http://apps.timwhitlock.info/unicode/inspect/hex/2B06,UPWARDS BLACK ARROW,,,
U+2B07,http://apps.timwhitlock.info/unicode/inspect/hex/2B07,DOWNWARDS BLACK ARROW,,,
U+2B1B,http://apps.timwhitlock.info/unicode/inspect/hex/2B1B,BLACK LARGE SQUARE,,,
U+2B1C,http://apps.timwhitlock.info/unicode/inspect/hex/2B1C,WHITE LARGE SQUARE,,,
U+2B50,http://apps.timwhitlock.info/unicode/inspect/hex/2B50,WHITE MEDIUM STAR,,,
U+2B55,http://apps.timwhitlock.info/unicode/inspect/hex/2B55,HEAVY LARGE CIRCLE,,,
U+3030,http://apps.timwhitlock.info/unicode/inspect/hex/3030,WAVY DASH,,,
U+303D,http://apps.timwhitlock.info/unicode/inspect/hex/303D,PART ALTERNATION MARK,,,
U+3297,http://apps.timwhitlock.info/unicode/inspect/hex/3297,CIRCLED IDEOGRAPH CONGRATULATION,,,
U+3299,http://apps.timwhitlock.info/unicode/inspect/hex/3299,CIRCLED IDEOGRAPH SECRET,,,
U+1F004,http://apps.timwhitlock.info/unicode/inspect/hex/1F004,MAHJONG TILE RED DRAGON,,,
U+1F0CF,http://apps.timwhitlock.info/unicode/inspect/hex/1F0CF,PLAYING CARD BLACK JOKER,,,
U+1F300,http://apps.timwhitlock.info/unicode/inspect/hex/1F300,CYCLONE,,,
U+1F301,http://apps.timwhitlock.info/unicode/inspect/hex/1F301,FOGGY,,,
U+1F302,http://apps.timwhitlock.info/unicode/inspect/hex/1F302,CLOSED UMBRELLA,,,
U+1F303,http://apps.timwhitlock.info/unicode/inspect/hex/1F303,NIGHT WITH STARS,night,,
U+1F304,http://apps.timwhitlock.info/unicode/inspect/hex/1F304,SUNRISE OVER MOUNTAINS,,,
U+1F305,http://apps.timwhitlock.info/unicode/inspect/hex/1F305,SUNRISE,sunrise,,
U+1F306,http://apps.timwhitlock.info/unicode/inspect/hex/1F306,CITYSCAPE AT DUSK,city,,
U+1F307,http://apps.timwhitlock.info/unicode/inspect/hex/1F307,SUNSET OVER BUILDINGS,sunset,,
U+1F308,http://apps.timwhitlock.info/unicode/inspect/hex/1F308,RAINBOW,rainbow,,
U+1F309,http://apps.timwhitlock.info/unicode/inspect/hex/1F309,BRIDGE AT NIGHT,bridge,,
U+1F30A,http://apps.timwhitlock.info/unicode/inspect/hex/1F30A,WATER WAVE,wave,,
U+1F30B,http://apps.timwhitlock.info/unicode/inspect/hex/1F30B,VOLCANO,volcano,,
U+1F30C,http://apps.timwhitlock.info/unicode/inspect/hex/1F30C,MILKY WAY,,,
U+1F30F,http://apps.timwhitlock.info/unicode/inspect/hex/1F30F,EARTH GLOBE ASIA-AUSTRALIA,,,
U+1F311,http://apps.timwhitlock.info/unicode/inspect/hex/1F311,NEW MOON SYMBOL,,,
U+1F313,http://apps.timwhitlock.info/unicode/inspect/hex/1F313,FIRST QUARTER MOON SYMBOL,,,
U+1F314,http://apps.timwhitlock.info/unicode/inspect/hex/1F314,WAXING GIBBOUS MOON SYMBOL,,,
U+1F315,http://apps.timwhitlock.info/unicode/inspect/hex/1F315,FULL MOON SYMBOL,,,
U+1F319,http://apps.timwhitlock.info/unicode/inspect/hex/1F319,CRESCENT MOON,,,
U+1F31B,http://apps.timwhitlock.info/unicode/inspect/hex/1F31B,FIRST QUARTER MOON WITH FACE,,,
U+1F31F,http://apps.timwhitlock.info/unicode/inspect/hex/1F31F,GLOWING STAR,,,
U+1F320,http://apps.timwhitlock.info/unicode/inspect/hex/1F320,SHOOTING STAR,,,
U+1F330,http://apps.timwhitlock.info/unicode/inspect/hex/1F330,CHESTNUT,,,
U+1F331,http://apps.timwhitlock.info/unicode/inspect/hex/1F331,SEEDLING,,,
U+1F334,http://apps.timwhitlock.info/unicode/inspect/hex/1F334,PALM TREE,palm,,
U+1F335,http://apps.timwhitlock.info/unicode/inspect/hex/1F335,CACTUS,cactus,,
U+1F337,http://apps.timwhitlock.info/unicode/inspect/hex/1F337,TULIP,tulip,,
U+1F338,http://apps.timwhitlock.info/unicode/inspect/hex/1F338,CHERRY BLOSSOM,,,
U+1F339,http://apps.timwhitlock.info/unicode/inspect/hex/1F339,ROSE,rose,,
U+1F33A,http://apps.timwhitlock.info/unicode/inspect/hex/1F33A,HIBISCUS,,,
U+1F33B,http://apps.timwhitlock.info/unicode/inspect/hex/1F33B,SUNFLOWER,sunflower,flower,
U+1F33C,http://apps.timwhitlock.info/unicode/inspect/hex/1F33C,BLOSSOM,,,
U+1F33D,http://apps.timwhitlock.info/unicode/inspect/hex/1F33D,EAR OF MAIZE,maize,,
U+1F33E,http://apps.timwhitlock.info/unicode/inspect/hex/1F33E,EAR OF RICE,rice,,
U+1F33F,http://apps.timwhitlock.info/unicode/inspect/hex/1F33F,HERB,herb,,
U+1F340,http://apps.timwhitlock.info/unicode/inspect/hex/1F340,FOUR LEAF CLOVER,luck,clover,
U+1F341,http://apps.timwhitlock.info/unicode/inspect/hex/1F341,MAPLE LEAF,maple,,
U+1F342,http://apps.timwhitlock.info/unicode/inspect/hex/1F342,FALLEN LEAF,,,
U+1F343,http://apps.timwhitlock.info/unicode/inspect/hex/1F343,LEAF FLUTTERING IN WIND,,,
U+1F344,http://apps.timwhitlock.info/unicode/inspect/hex/1F344,MUSHROOM,MUSHROOM,,
U+1F345,http://apps.timwhitlock.info/unicode/inspect/hex/1F345,TOMATO,TOMATO,,
U+1F346,http://apps.timwhitlock.info/unicode/inspect/hex/1F346,AUBERGINE,AUBERGINE,,
U+1F347,http://apps.timwhitlock.info/unicode/inspect/hex/1F347,GRAPES,GRAPES,,
U+1F348,http://apps.timwhitlock.info/unicode/inspect/hex/1F348,MELON,MELON,,
U+1F349,http://apps.timwhitlock.info/unicode/inspect/hex/1F349,WATERMELON,WATERMELON,,
U+1F34A,http://apps.timwhitlock.info/unicode/inspect/hex/1F34A,TANGERINE,TANGERINE,,
U+1F34C,http://apps.timwhitlock.info/unicode/inspect/hex/1F34C,BANANA,BANANA,,
U+1F34D,http://apps.timwhitlock.info/unicode/inspect/hex/1F34D,PINEAPPLE,PINEAPPLE,,
U+1F34E,http://apps.timwhitlock.info/unicode/inspect/hex/1F34E,RED APPLE,,,
U+1F34F,http://apps.timwhitlock.info/unicode/inspect/hex/1F34F,GREEN APPLE,APPLE,,
U+1F351,http://apps.timwhitlock.info/unicode/inspect/hex/1F351,PEACH,PEACH,,
U+1F352,http://apps.timwhitlock.info/unicode/inspect/hex/1F352,CHERRIES,CHERRIES,,
U+1F353,http://apps.timwhitlock.info/unicode/inspect/hex/1F353,STRAWBERRY,STRAWBERRY,,
U+1F354,http://apps.timwhitlock.info/unicode/inspect/hex/1F354,HAMBURGER,HAMBURGER,,
U+1F355,http://apps.timwhitlock.info/unicode/inspect/hex/1F355,SLICE OF PIZZA,pizza,,
U+1F356,http://apps.timwhitlock.info/unicode/inspect/hex/1F356,MEAT ON BONE,meat,,
U+1F357,http://apps.timwhitlock.info/unicode/inspect/hex/1F357,POULTRY LEG,chicken,,
U+1F358,http://apps.timwhitlock.info/unicode/inspect/hex/1F358,RICE CRACKER,,,
U+1F359,http://apps.timwhitlock.info/unicode/inspect/hex/1F359,RICE BALL,,,
U+1F35A,http://apps.timwhitlock.info/unicode/inspect/hex/1F35A,COOKED RICE,rice,,
U+1F35B,http://apps.timwhitlock.info/unicode/inspect/hex/1F35B,CURRY AND RICE,curry,,
U+1F35C,http://apps.timwhitlock.info/unicode/inspect/hex/1F35C,STEAMING BOWL,food,,
U+1F35D,http://apps.timwhitlock.info/unicode/inspect/hex/1F35D,SPAGHETTI,spaghetti,,
U+1F35E,http://apps.timwhitlock.info/unicode/inspect/hex/1F35E,BREAD,bread,,
U+1F35F,http://apps.timwhitlock.info/unicode/inspect/hex/1F35F,FRENCH FRIES,chips,fries,
U+1F360,http://apps.timwhitlock.info/unicode/inspect/hex/1F360,ROASTED SWEET POTATO,,,
U+1F361,http://apps.timwhitlock.info/unicode/inspect/hex/1F361,DANGO,,,
U+1F362,http://apps.timwhitlock.info/unicode/inspect/hex/1F362,ODEN,,,
U+1F363,http://apps.timwhitlock.info/unicode/inspect/hex/1F363,SUSHI,sushi,,
U+1F364,http://apps.timwhitlock.info/unicode/inspect/hex/1F364,FRIED SHRIMP,shrimp,prawns,
U+1F365,http://apps.timwhitlock.info/unicode/inspect/hex/1F365,FISH CAKE WITH SWIRL DESIGN,,,
U+1F366,http://apps.timwhitlock.info/unicode/inspect/hex/1F366,SOFT ICE CREAM,,,
U+1F367,http://apps.timwhitlock.info/unicode/inspect/hex/1F367,SHAVED ICE,,,
U+1F368,http://apps.timwhitlock.info/unicode/inspect/hex/1F368,ICE CREAM,icecream,,
U+1F369,http://apps.timwhitlock.info/unicode/inspect/hex/1F369,DOUGHNUT,doughnut,,
U+1F36A,http://apps.timwhitlock.info/unicode/inspect/hex/1F36A,COOKIE,cookie,,
U+1F36B,http://apps.timwhitlock.info/unicode/inspect/hex/1F36B,CHOCOLATE BAR,chocolate,,
U+1F36C,http://apps.timwhitlock.info/unicode/inspect/hex/1F36C,CANDY,candy,,
U+1F36D,http://apps.timwhitlock.info/unicode/inspect/hex/1F36D,LOLLIPOP,lollipop,,
U+1F36E,http://apps.timwhitlock.info/unicode/inspect/hex/1F36E,CUSTARD,custard,,
U+1F36F,http://apps.timwhitlock.info/unicode/inspect/hex/1F36F,HONEY POT,honey,,
U+1F370,http://apps.timwhitlock.info/unicode/inspect/hex/1F370,SHORTCAKE,shortcake,,
U+1F371,http://apps.timwhitlock.info/unicode/inspect/hex/1F371,BENTO BOX,,,
U+1F372,http://apps.timwhitlock.info/unicode/inspect/hex/1F372,POT OF FOOD,,,
U+1F373,http://apps.timwhitlock.info/unicode/inspect/hex/1F373,COOKING,cooking,,
U+1F374,http://apps.timwhitlock.info/unicode/inspect/hex/1F374,FORK AND KNIFE,cutlery,,
U+1F375,http://apps.timwhitlock.info/unicode/inspect/hex/1F375,TEACUP WITHOUT HANDLE,,,
U+1F376,http://apps.timwhitlock.info/unicode/inspect/hex/1F376,SAKE BOTTLE AND CUP,,,
U+1F377,http://apps.timwhitlock.info/unicode/inspect/hex/1F377,WINE GLASS,wine,,
U+1F378,http://apps.timwhitlock.info/unicode/inspect/hex/1F378,COCKTAIL GLASS,cocktail,cocktails,
U+1F379,http://apps.timwhitlock.info/unicode/inspect/hex/1F379,TROPICAL DRINK,,,
U+1F37A,http://apps.timwhitlock.info/unicode/inspect/hex/1F37A,BEER MUG,beer,,
U+1F37B,http://apps.timwhitlock.info/unicode/inspect/hex/1F37B,CLINKING BEER MUGS,,,
U+1F380,http://apps.timwhitlock.info/unicode/inspect/hex/1F380,RIBBON,ribbon,,
U+1F381,http://apps.timwhitlock.info/unicode/inspect/hex/1F381,WRAPPED PRESENT,present,,
U+1F382,http://apps.timwhitlock.info/unicode/inspect/hex/1F382,BIRTHDAY CAKE,cake,birthday,
U+1F383,http://apps.timwhitlock.info/unicode/inspect/hex/1F383,JACK-O-LANTERN,haloween,,
U+1F384,http://apps.timwhitlock.info/unicode/inspect/hex/1F384,CHRISTMAS TREE,christmas,,
U+1F385,http://apps.timwhitlock.info/unicode/inspect/hex/1F385,FATHER CHRISTMAS,,,
U+1F386,http://apps.timwhitlock.info/unicode/inspect/hex/1F386,FIREWORKS,fireworks,,
U+1F387,http://apps.timwhitlock.info/unicode/inspect/hex/1F387,FIREWORK SPARKLER,sparkler,,
U+1F388,http://apps.timwhitlock.info/unicode/inspect/hex/1F388,BALLOON,balloon,,
U+1F389,http://apps.timwhitlock.info/unicode/inspect/hex/1F389,PARTY POPPER,party,,
U+1F38A,http://apps.timwhitlock.info/unicode/inspect/hex/1F38A,CONFETTI BALL,confetti,,
U+1F38B,http://apps.timwhitlock.info/unicode/inspect/hex/1F38B,TANABATA TREE,tanabata,,
U+1F38C,http://apps.timwhitlock.info/unicode/inspect/hex/1F38C,CROSSED FLAGS,,,
U+1F38D,http://apps.timwhitlock.info/unicode/inspect/hex/1F38D,PINE DECORATION,pine,,
U+1F38E,http://apps.timwhitlock.info/unicode/inspect/hex/1F38E,JAPANESE DOLLS,japanese,,
U+1F38F,http://apps.timwhitlock.info/unicode/inspect/hex/1F38F,CARP STREAMER,carp,,
U+1F390,http://apps.timwhitlock.info/unicode/inspect/hex/1F390,WIND CHIME,,,
U+1F391,http://apps.timwhitlock.info/unicode/inspect/hex/1F391,MOON VIEWING CEREMONY,,,
U+1F392,http://apps.timwhitlock.info/unicode/inspect/hex/1F392,SCHOOL SATCHEL,school,satchel,
U+1F393,http://apps.timwhitlock.info/unicode/inspect/hex/1F393,GRADUATION CAP,graduation,,
U+1F3A0,http://apps.timwhitlock.info/unicode/inspect/hex/1F3A0,CAROUSEL HORSE,carousel,,
U+1F3A1,http://apps.timwhitlock.info/unicode/inspect/hex/1F3A1,FERRIS WHEEL,ferris,,
U+1F3A2,http://apps.timwhitlock.info/unicode/inspect/hex/1F3A2,ROLLER COASTER,,,
U+1F3A3,http://apps.timwhitlock.info/unicode/inspect/hex/1F3A3,FISHING POLE AND FISH,fishing,,
U+1F3A4,http://apps.timwhitlock.info/unicode/inspect/hex/1F3A4,MICROPHONE,microphone,,
U+1F3A5,http://apps.timwhitlock.info/unicode/inspect/hex/1F3A5,MOVIE CAMERA,movie,,
U+1F3A6,http://apps.timwhitlock.info/unicode/inspect/hex/1F3A6,CINEMA,cinema,,
U+1F3A7,http://apps.timwhitlock.info/unicode/inspect/hex/1F3A7,HEADPHONE,headphone,,
U+1F3A8,http://apps.timwhitlock.info/unicode/inspect/hex/1F3A8,ARTIST PALETTE,artist,,
U+1F3A9,http://apps.timwhitlock.info/unicode/inspect/hex/1F3A9,TOP HAT,hat,,
U+1F3AA,http://apps.timwhitlock.info/unicode/inspect/hex/1F3AA,CIRCUS TENT,circus,,
U+1F3AB,http://apps.timwhitlock.info/unicode/inspect/hex/1F3AB,TICKET,ticket,,
U+1F3AC,http://apps.timwhitlock.info/unicode/inspect/hex/1F3AC,CLAPPER BOARD,clapper,,
U+1F3AD,http://apps.timwhitlock.info/unicode/inspect/hex/1F3AD,PERFORMING ARTS,performing,,
U+1F3AE,http://apps.timwhitlock.info/unicode/inspect/hex/1F3AE,VIDEO GAME,video,,
U+1F3AF,http://apps.timwhitlock.info/unicode/inspect/hex/1F3AF,DIRECT HIT,,,
U+1F3B0,http://apps.timwhitlock.info/unicode/inspect/hex/1F3B0,SLOT MACHINE,slot,slots,
U+1F3B1,http://apps.timwhitlock.info/unicode/inspect/hex/1F3B1,BILLIARDS,billiards,,
U+1F3B2,http://apps.timwhitlock.info/unicode/inspect/hex/1F3B2,GAME DIE,game,,
U+1F3B3,http://apps.timwhitlock.info/unicode/inspect/hex/1F3B3,BOWLING,bowling,,
U+1F3B4,http://apps.timwhitlock.info/unicode/inspect/hex/1F3B4,FLOWER PLAYING CARDS,,,
U+1F3B5,http://apps.timwhitlock.info/unicode/inspect/hex/1F3B5,MUSICAL NOTE,musical,music,
U+1F3B6,http://apps.timwhitlock.info/unicode/inspect/hex/1F3B6,MULTIPLE MUSICAL NOTES,,,
U+1F3B7,http://apps.timwhitlock.info/unicode/inspect/hex/1F3B7,SAXOPHONE,saxophone,,
U+1F3B8,http://apps.timwhitlock.info/unicode/inspect/hex/1F3B8,GUITAR,guitar,,
U+1F3B9,http://apps.timwhitlock.info/unicode/inspect/hex/1F3B9,MUSICAL KEYBOARD,keyboard,,
U+1F3BA,http://apps.timwhitlock.info/unicode/inspect/hex/1F3BA,TRUMPET,trumpet,,
U+1F3BB,http://apps.timwhitlock.info/unicode/inspect/hex/1F3BB,VIOLIN,violin,,
U+1F3BC,http://apps.timwhitlock.info/unicode/inspect/hex/1F3BC,MUSICAL SCORE,,,
U+1F3BD,http://apps.timwhitlock.info/unicode/inspect/hex/1F3BD,RUNNING SHIRT WITH SASH,,,
U+1F3BE,http://apps.timwhitlock.info/unicode/inspect/hex/1F3BE,TENNIS RACQUET AND BALL,tennis,,
U+1F3BF,http://apps.timwhitlock.info/unicode/inspect/hex/1F3BF,SKI AND SKI BOOT,ski,,
U+1F3C0,http://apps.timwhitlock.info/unicode/inspect/hex/1F3C0,BASKETBALL AND HOOP,,,
U+1F3C1,http://apps.timwhitlock.info/unicode/inspect/hex/1F3C1,CHEQUERED FLAG,chequered,,
U+1F3C2,http://apps.timwhitlock.info/unicode/inspect/hex/1F3C2,SNOWBOARDER,snowboarder,,
U+1F3C3,http://apps.timwhitlock.info/unicode/inspect/hex/1F3C3,RUNNER,runner,,
U+1F3C4,http://apps.timwhitlock.info/unicode/inspect/hex/1F3C4,SURFER,surfer,,
U+1F3C6,http://apps.timwhitlock.info/unicode/inspect/hex/1F3C6,TROPHY,trophy,,
U+1F3C8,http://apps.timwhitlock.info/unicode/inspect/hex/1F3C8,AMERICAN FOOTBALL,,,
U+1F3CA,http://apps.timwhitlock.info/unicode/inspect/hex/1F3CA,SWIMMER,swimmer,,
U+1F3E0,http://apps.timwhitlock.info/unicode/inspect/hex/1F3E0,HOUSE BUILDING,building,,
U+1F3E1,http://apps.timwhitlock.info/unicode/inspect/hex/1F3E1,HOUSE WITH GARDEN,gardern,,
U+1F3E2,http://apps.timwhitlock.info/unicode/inspect/hex/1F3E2,OFFICE BUILDING,office,,
U+1F3E3,http://apps.timwhitlock.info/unicode/inspect/hex/1F3E3,JAPANESE POST OFFICE,,,
U+1F3E5,http://apps.timwhitlock.info/unicode/inspect/hex/1F3E5,HOSPITAL,hospital,,
U+1F3E6,http://apps.timwhitlock.info/unicode/inspect/hex/1F3E6,BANK,bank,,
U+1F3E7,http://apps.timwhitlock.info/unicode/inspect/hex/1F3E7,AUTOMATED TELLER MACHINE,,,
U+1F3E8,http://apps.timwhitlock.info/unicode/inspect/hex/1F3E8,HOTEL,,,
U+1F3E9,http://apps.timwhitlock.info/unicode/inspect/hex/1F3E9,LOVE HOTEL,,,
U+1F3EA,http://apps.timwhitlock.info/unicode/inspect/hex/1F3EA,CONVENIENCE STORE,store,shop,
U+1F3EB,http://apps.timwhitlock.info/unicode/inspect/hex/1F3EB,SCHOOL,,,
U+1F3EC,http://apps.timwhitlock.info/unicode/inspect/hex/1F3EC,DEPARTMENT STORE,,,
U+1F3ED,http://apps.timwhitlock.info/unicode/inspect/hex/1F3ED,FACTORY,factory,,
U+1F3EE,http://apps.timwhitlock.info/unicode/inspect/hex/1F3EE,IZAKAYA LANTERN,,,
U+1F3EF,http://apps.timwhitlock.info/unicode/inspect/hex/1F3EF,JAPANESE CASTLE,,,
U+1F3F0,http://apps.timwhitlock.info/unicode/inspect/hex/1F3F0,EUROPEAN CASTLE,castle,,
U+1F40C,http://apps.timwhitlock.info/unicode/inspect/hex/1F40C,SNAIL,snail,,
U+1F40D,http://apps.timwhitlock.info/unicode/inspect/hex/1F40D,SNAKE,snake,,
U+1F40E,http://apps.timwhitlock.info/unicode/inspect/hex/1F40E,HORSE,horse,,
U+1F411,http://apps.timwhitlock.info/unicode/inspect/hex/1F411,SHEEP,sheep,,
U+1F412,http://apps.timwhitlock.info/unicode/inspect/hex/1F412,MONKEY,monkey,,
U+1F414,http://apps.timwhitlock.info/unicode/inspect/hex/1F414,CHICKEN,chicken,,
U+1F417,http://apps.timwhitlock.info/unicode/inspect/hex/1F417,BOAR,boar,,
U+1F418,http://apps.timwhitlock.info/unicode/inspect/hex/1F418,ELEPHANT,elephant,,
U+1F419,http://apps.timwhitlock.info/unicode/inspect/hex/1F419,OCTOPUS,octopus,,
U+1F41A,http://apps.timwhitlock.info/unicode/inspect/hex/1F41A,SPIRAL SHELL,shell,,
U+1F41B,http://apps.timwhitlock.info/unicode/inspect/hex/1F41B,BUG,bug,,
U+1F41C,http://apps.timwhitlock.info/unicode/inspect/hex/1F41C,ANT,ant,,
U+1F41D,http://apps.timwhitlock.info/unicode/inspect/hex/1F41D,HONEYBEE,honeybee,,
U+1F41E,http://apps.timwhitlock.info/unicode/inspect/hex/1F41E,LADY BEETLE,ladybug,,
U+1F41F,http://apps.timwhitlock.info/unicode/inspect/hex/1F41F,FISH,fish,,
U+1F420,http://apps.timwhitlock.info/unicode/inspect/hex/1F420,TROPICAL FISH,,,
U+1F421,http://apps.timwhitlock.info/unicode/inspect/hex/1F421,BLOWFISH,blowfish,,
U+1F422,http://apps.timwhitlock.info/unicode/inspect/hex/1F422,TURTLE,turtle,,
U+1F423,http://apps.timwhitlock.info/unicode/inspect/hex/1F423,HATCHING CHICK,hatch,born,
U+1F424,http://apps.timwhitlock.info/unicode/inspect/hex/1F424,BABY CHICK,chick,,
U+1F425,http://apps.timwhitlock.info/unicode/inspect/hex/1F425,FRONT-FACING BABY CHICK,,,
U+1F426,http://apps.timwhitlock.info/unicode/inspect/hex/1F426,BIRD,bird,,
U+1F427,http://apps.timwhitlock.info/unicode/inspect/hex/1F427,PENGUIN,penguin,,
U+1F428,http://apps.timwhitlock.info/unicode/inspect/hex/1F428,KOALA,koala,,
U+1F429,http://apps.timwhitlock.info/unicode/inspect/hex/1F429,POODLE,poodle,,
U+1F42B,http://apps.timwhitlock.info/unicode/inspect/hex/1F42B,BACTRIAN CAMEL,camel,,
U+1F42C,http://apps.timwhitlock.info/unicode/inspect/hex/1F42C,DOLPHIN,dolphin,,
U+1F42D,http://apps.timwhitlock.info/unicode/inspect/hex/1F42D,MOUSE FACE,mouse,,
U+1F42E,http://apps.timwhitlock.info/unicode/inspect/hex/1F42E,COW FACE,cow,,
U+1F42F,http://apps.timwhitlock.info/unicode/inspect/hex/1F42F,TIGER FACE,tiger,,
U+1F430,http://apps.timwhitlock.info/unicode/inspect/hex/1F430,RABBIT FACE,rabbit,,
U+1F431,http://apps.timwhitlock.info/unicode/inspect/hex/1F431,CAT FACE,,,
U+1F432,http://apps.timwhitlock.info/unicode/inspect/hex/1F432,DRAGON FACE,dragon,,
U+1F433,http://apps.timwhitlock.info/unicode/inspect/hex/1F433,SPOUTING WHALE,whale,,
U+1F434,http://apps.timwhitlock.info/unicode/inspect/hex/1F434,HORSE FACE,horse,,
U+1F435,http://apps.timwhitlock.info/unicode/inspect/hex/1F435,MONKEY FACE,monkey,,
U+1F436,http://apps.timwhitlock.info/unicode/inspect/hex/1F436,DOG FACE,dog,,
U+1F437,http://apps.timwhitlock.info/unicode/inspect/hex/1F437,PIG FACE,pig,,
U+1F438,http://apps.timwhitlock.info/unicode/inspect/hex/1F438,FROG FACE,frog,,
U+1F439,http://apps.timwhitlock.info/unicode/inspect/hex/1F439,HAMSTER FACE,hamster,,
U+1F43A,http://apps.timwhitlock.info/unicode/inspect/hex/1F43A,WOLF FACE,wolf,,
U+1F43B,http://apps.timwhitlock.info/unicode/inspect/hex/1F43B,BEAR FACE,bear,,
U+1F43C,http://apps.timwhitlock.info/unicode/inspect/hex/1F43C,PANDA FACE,panda,,
U+1F43D,http://apps.timwhitlock.info/unicode/inspect/hex/1F43D,PIG NOSE,pig,,
U+1F43E,http://apps.timwhitlock.info/unicode/inspect/hex/1F43E,PAW PRINTS,paw,,
U+1F440,http://apps.timwhitlock.info/unicode/inspect/hex/1F440,EYES,eyes,,
U+1F442,http://apps.timwhitlock.info/unicode/inspect/hex/1F442,EAR,ear,,
U+1F443,http://apps.timwhitlock.info/unicode/inspect/hex/1F443,NOSE,nose,,
U+1F444,http://apps.timwhitlock.info/unicode/inspect/hex/1F444,MOUTH,mouth,,
U+1F445,http://apps.timwhitlock.info/unicode/inspect/hex/1F445,TONGUE,tongue,,
U+1F446,http://apps.timwhitlock.info/unicode/inspect/hex/1F446,WHITE UP POINTING BACKHAND INDEX,,,
U+1F447,http://apps.timwhitlock.info/unicode/inspect/hex/1F447,WHITE DOWN POINTING BACKHAND INDEX,,,
U+1F448,http://apps.timwhitlock.info/unicode/inspect/hex/1F448,WHITE LEFT POINTING BACKHAND INDEX,,,
U+1F449,http://apps.timwhitlock.info/unicode/inspect/hex/1F449,WHITE RIGHT POINTING BACKHAND INDEX,,,
U+1F44A,http://apps.timwhitlock.info/unicode/inspect/hex/1F44A,FISTED HAND SIGN,,,
U+1F44B,http://apps.timwhitlock.info/unicode/inspect/hex/1F44B,WAVING HAND SIGN,,,
U+1F44C,http://apps.timwhitlock.info/unicode/inspect/hex/1F44C,OK HAND SIGN,ok,okay,
U+1F44D,http://apps.timwhitlock.info/unicode/inspect/hex/1F44D,THUMBS UP SIGN,,,
U+1F44E,http://apps.timwhitlock.info/unicode/inspect/hex/1F44E,THUMBS DOWN SIGN,,,
U+1F44F,http://apps.timwhitlock.info/unicode/inspect/hex/1F44F,CLAPPING HANDS SIGN,,,
U+1F450,http://apps.timwhitlock.info/unicode/inspect/hex/1F450,OPEN HANDS SIGN,,,
U+1F451,http://apps.timwhitlock.info/unicode/inspect/hex/1F451,CROWN,crown,,
U+1F452,http://apps.timwhitlock.info/unicode/inspect/hex/1F452,WOMANS HAT,,,
U+1F453,http://apps.timwhitlock.info/unicode/inspect/hex/1F453,EYEGLASSES,glasses,,
U+1F454,http://apps.timwhitlock.info/unicode/inspect/hex/1F454,NECKTIE,necktie,,
U+1F455,http://apps.timwhitlock.info/unicode/inspect/hex/1F455,T-SHIRT,,,
U+1F456,http://apps.timwhitlock.info/unicode/inspect/hex/1F456,JEANS,jeans,,
U+1F457,http://apps.timwhitlock.info/unicode/inspect/hex/1F457,DRESS,dress,,
U+1F458,http://apps.timwhitlock.info/unicode/inspect/hex/1F458,KIMONO,kimono,,
U+1F459,http://apps.timwhitlock.info/unicode/inspect/hex/1F459,BIKINI,bikini,,
U+1F45A,http://apps.timwhitlock.info/unicode/inspect/hex/1F45A,WOMANS CLOTHES,womans,,
U+1F45B,http://apps.timwhitlock.info/unicode/inspect/hex/1F45B,PURSE,purse,,
U+1F45C,http://apps.timwhitlock.info/unicode/inspect/hex/1F45C,HANDBAG,handbag,,
U+1F45D,http://apps.timwhitlock.info/unicode/inspect/hex/1F45D,POUCH,pouch,,
U+1F45E,http://apps.timwhitlock.info/unicode/inspect/hex/1F45E,MANS SHOE,,,
U+1F45F,http://apps.timwhitlock.info/unicode/inspect/hex/1F45F,ATHLETIC SHOE,,,
U+1F460,http://apps.timwhitlock.info/unicode/inspect/hex/1F460,HIGH-HEELED SHOE,heels,,
U+1F461,http://apps.timwhitlock.info/unicode/inspect/hex/1F461,WOMANS SANDAL,sandal,,
U+1F462,http://apps.timwhitlock.info/unicode/inspect/hex/1F462,WOMANS BOOTS,boots,,
U+1F463,http://apps.timwhitlock.info/unicode/inspect/hex/1F463,FOOTPRINTS,,,
U+1F464,http://apps.timwhitlock.info/unicode/inspect/hex/1F464,BUST IN SILHOUETTE,bust,,
U+1F466,http://apps.timwhitlock.info/unicode/inspect/hex/1F466,BOY,boy,,
U+1F467,http://apps.timwhitlock.info/unicode/inspect/hex/1F467,GIRL,girl,,
U+1F468,http://apps.timwhitlock.info/unicode/inspect/hex/1F468,MAN,man,,
U+1F469,http://apps.timwhitlock.info/unicode/inspect/hex/1F469,WOMAN,woman,,
U+1F46A,http://apps.timwhitlock.info/unicode/inspect/hex/1F46A,FAMILY,family,,
U+1F46B,http://apps.timwhitlock.info/unicode/inspect/hex/1F46B,MAN AND WOMAN HOLDING HANDS,,,
U+1F46E,http://apps.timwhitlock.info/unicode/inspect/hex/1F46E,POLICE OFFICER,police,,
U+1F46F,http://apps.timwhitlock.info/unicode/inspect/hex/1F46F,WOMAN WITH BUNNY EARS,,,
U+1F470,http://apps.timwhitlock.info/unicode/inspect/hex/1F470,BRIDE WITH VEIL,bride,,
U+1F471,http://apps.timwhitlock.info/unicode/inspect/hex/1F471,PERSON WITH BLOND HAIR,blond,,
U+1F472,http://apps.timwhitlock.info/unicode/inspect/hex/1F472,MAN WITH GUA PI MAO,,,
U+1F473,http://apps.timwhitlock.info/unicode/inspect/hex/1F473,MAN WITH TURBAN,turban,,
U+1F474,http://apps.timwhitlock.info/unicode/inspect/hex/1F474,OLDER MAN,,,
U+1F475,http://apps.timwhitlock.info/unicode/inspect/hex/1F475,OLDER WOMAN,old,,
U+1F476,http://apps.timwhitlock.info/unicode/inspect/hex/1F476,BABY,,,
U+1F477,http://apps.timwhitlock.info/unicode/inspect/hex/1F477,CONSTRUCTION WORKER,,,
U+1F478,http://apps.timwhitlock.info/unicode/inspect/hex/1F478,PRINCESS,princess,,
U+1F479,http://apps.timwhitlock.info/unicode/inspect/hex/1F479,JAPANESE OGRE,,,
U+1F47A,http://apps.timwhitlock.info/unicode/inspect/hex/1F47A,JAPANESE GOBLIN,,,
U+1F47B,http://apps.timwhitlock.info/unicode/inspect/hex/1F47B,GHOST,ghost,,
U+1F47C,http://apps.timwhitlock.info/unicode/inspect/hex/1F47C,BABY ANGEL,angel,,
U+1F47D,http://apps.timwhitlock.info/unicode/inspect/hex/1F47D,EXTRATERRESTRIAL ALIEN,alien,,
U+1F47E,http://apps.timwhitlock.info/unicode/inspect/hex/1F47E,ALIEN MONSTER,,,
U+1F47F,http://apps.timwhitlock.info/unicode/inspect/hex/1F47F,IMP,imp,,
U+1F480,http://apps.timwhitlock.info/unicode/inspect/hex/1F480,SKULL,skull,,
U+1F481,http://apps.timwhitlock.info/unicode/inspect/hex/1F481,INFORMATION DESK PERSON,,,
U+1F482,http://apps.timwhitlock.info/unicode/inspect/hex/1F482,GUARDSMAN,,,
U+1F483,http://apps.timwhitlock.info/unicode/inspect/hex/1F483,DANCER,dancer,,
U+1F484,http://apps.timwhitlock.info/unicode/inspect/hex/1F484,LIPSTICK,lipstick,,
U+1F485,http://apps.timwhitlock.info/unicode/inspect/hex/1F485,NAIL POLISH,,,
U+1F486,http://apps.timwhitlock.info/unicode/inspect/hex/1F486,FACE MASSAGE,massage,,
U+1F487,http://apps.timwhitlock.info/unicode/inspect/hex/1F487,HAIRCUT,haircut,,
U+1F488,http://apps.timwhitlock.info/unicode/inspect/hex/1F488,BARBER POLE,,,
U+1F489,http://apps.timwhitlock.info/unicode/inspect/hex/1F489,SYRINGE,syringe,,
U+1F48A,http://apps.timwhitlock.info/unicode/inspect/hex/1F48A,PILL,pill,,
U+1F48B,http://apps.timwhitlock.info/unicode/inspect/hex/1F48B,KISS MARK,kiss,,
U+1F48C,http://apps.timwhitlock.info/unicode/inspect/hex/1F48C,LOVE LETTER,letter,,
U+1F48D,http://apps.timwhitlock.info/unicode/inspect/hex/1F48D,RING,ring,,
U+1F48E,http://apps.timwhitlock.info/unicode/inspect/hex/1F48E,GEM STONE,gem,,
U+1F48F,http://apps.timwhitlock.info/unicode/inspect/hex/1F48F,KISS,,,
U+1F490,http://apps.timwhitlock.info/unicode/inspect/hex/1F490,BOUQUET,bouquet,,
U+1F491,http://apps.timwhitlock.info/unicode/inspect/hex/1F491,COUPLE WITH HEART,,,
U+1F492,http://apps.timwhitlock.info/unicode/inspect/hex/1F492,WEDDING,wedding,,
U+1F493,http://apps.timwhitlock.info/unicode/inspect/hex/1F493,BEATING HEART,,,
U+1F494,http://apps.timwhitlock.info/unicode/inspect/hex/1F494,BROKEN HEART,,,
U+1F495,http://apps.timwhitlock.info/unicode/inspect/hex/1F495,TWO HEARTS,,,
U+1F496,http://apps.timwhitlock.info/unicode/inspect/hex/1F496,SPARKLING HEART,,,
U+1F497,http://apps.timwhitlock.info/unicode/inspect/hex/1F497,GROWING HEART,,,
U+1F498,http://apps.timwhitlock.info/unicode/inspect/hex/1F498,HEART WITH ARROW,,,
U+1F499,http://apps.timwhitlock.info/unicode/inspect/hex/1F499,BLUE HEART,,,
U+1F49A,http://apps.timwhitlock.info/unicode/inspect/hex/1F49A,GREEN HEART,green,,
U+1F49B,http://apps.timwhitlock.info/unicode/inspect/hex/1F49B,YELLOW HEART,yellow,,
U+1F49C,http://apps.timwhitlock.info/unicode/inspect/hex/1F49C,PURPLE HEART,purple,,
U+1F49D,http://apps.timwhitlock.info/unicode/inspect/hex/1F49D,HEART WITH RIBBON,,,
U+1F49E,http://apps.timwhitlock.info/unicode/inspect/hex/1F49E,REVOLVING HEARTS,,,
U+1F49F,http://apps.timwhitlock.info/unicode/inspect/hex/1F49F,HEART DECORATION,heart,,
U+1F4A0,http://apps.timwhitlock.info/unicode/inspect/hex/1F4A0,DIAMOND SHAPE WITH A DOT INSIDE,diamond,,
U+1F4A1,http://apps.timwhitlock.info/unicode/inspect/hex/1F4A1,ELECTRIC LIGHT BULB,cutlery,,
U+1F4A2,http://apps.timwhitlock.info/unicode/inspect/hex/1F4A2,ANGER SYMBOL,anger,,
U+1F4A3,http://apps.timwhitlock.info/unicode/inspect/hex/1F4A3,BOMB,bomb,,
U+1F4A4,http://apps.timwhitlock.info/unicode/inspect/hex/1F4A4,SLEEPING SYMBOL,sleeping,,
U+1F4A5,http://apps.timwhitlock.info/unicode/inspect/hex/1F4A5,COLLISION SYMBOL,collision,,
U+1F4A6,http://apps.timwhitlock.info/unicode/inspect/hex/1F4A6,SPLASHING SWEAT SYMBOL,sweat,,
U+1F4A7,http://apps.timwhitlock.info/unicode/inspect/hex/1F4A7,DROPLET,droplet,drop,
U+1F4A8,http://apps.timwhitlock.info/unicode/inspect/hex/1F4A8,DASH SYMBOL,,,
U+1F4A9,http://apps.timwhitlock.info/unicode/inspect/hex/1F4A9,PILE OF POO,poo,,
U+1F4AA,http://apps.timwhitlock.info/unicode/inspect/hex/1F4AA,FLEXED BICEPS,bicep,muscle,
U+1F4AB,http://apps.timwhitlock.info/unicode/inspect/hex/1F4AB,DIZZY SYMBOL,dizzy,,
U+1F4AC,http://apps.timwhitlock.info/unicode/inspect/hex/1F4AC,SPEECH BALLOON,speech,talk,talking
U+1F4AE,http://apps.timwhitlock.info/unicode/inspect/hex/1F4AE,WHITE FLOWER,,,
U+1F4AF,http://apps.timwhitlock.info/unicode/inspect/hex/1F4AF,HUNDRED POINTS SYMBOL,100,hundred,
U+1F4B0,http://apps.timwhitlock.info/unicode/inspect/hex/1F4B0,MONEY BAG,money,,
U+1F4B1,http://apps.timwhitlock.info/unicode/inspect/hex/1F4B1,CURRENCY EXCHANGE,currency,,
U+1F4B2,http://apps.timwhitlock.info/unicode/inspect/hex/1F4B2,HEAVY DOLLAR SIGN,dollar,,
U+1F4B3,http://apps.timwhitlock.info/unicode/inspect/hex/1F4B3,CREDIT CARD,credit,,
U+1F4B4,http://apps.timwhitlock.info/unicode/inspect/hex/1F4B4,BANKNOTE WITH YEN SIGN,yen,,
U+1F4B5,http://apps.timwhitlock.info/unicode/inspect/hex/1F4B5,BANKNOTE WITH DOLLAR SIGN,,,
U+1F4B8,http://apps.timwhitlock.info/unicode/inspect/hex/1F4B8,MONEY WITH WINGS,,,
U+1F4B9,http://apps.timwhitlock.info/unicode/inspect/hex/1F4B9,CHART WITH UPWARDS TREND AND YEN SIGN,,,
U+1F4BA,http://apps.timwhitlock.info/unicode/inspect/hex/1F4BA,SEAT,seat,,
U+1F4BB,http://apps.timwhitlock.info/unicode/inspect/hex/1F4BB,PERSONAL COMPUTER,computer,,
U+1F4BC,http://apps.timwhitlock.info/unicode/inspect/hex/1F4BC,BRIEFCASE,briefcase,,
U+1F4BD,http://apps.timwhitlock.info/unicode/inspect/hex/1F4BD,MINIDISC,minidisc,,
U+1F4BE,http://apps.timwhitlock.info/unicode/inspect/hex/1F4BE,FLOPPY DISK,floppy,,
U+1F4BF,http://apps.timwhitlock.info/unicode/inspect/hex/1F4BF,OPTICAL DISC,,,
U+1F4C0,http://apps.timwhitlock.info/unicode/inspect/hex/1F4C0,DVD,dvd,,
U+1F4C1,http://apps.timwhitlock.info/unicode/inspect/hex/1F4C1,FILE FOLDER,file,,
U+1F4C2,http://apps.timwhitlock.info/unicode/inspect/hex/1F4C2,OPEN FILE FOLDER,,,
U+1F4C3,http://apps.timwhitlock.info/unicode/inspect/hex/1F4C3,PAGE WITH CURL,,,
U+1F4C4,http://apps.timwhitlock.info/unicode/inspect/hex/1F4C4,PAGE FACING UP,,,
U+1F4C5,http://apps.timwhitlock.info/unicode/inspect/hex/1F4C5,CALENDAR,calendar,,
U+1F4C6,http://apps.timwhitlock.info/unicode/inspect/hex/1F4C6,TEAR-OFF CALENDAR,,,
U+1F4C7,http://apps.timwhitlock.info/unicode/inspect/hex/1F4C7,CARD INDEX,,,
U+1F4C8,http://apps.timwhitlock.info/unicode/inspect/hex/1F4C8,CHART WITH UPWARDS TREND,up,,
U+1F4C9,http://apps.timwhitlock.info/unicode/inspect/hex/1F4C9,CHART WITH DOWNWARDS TREND,down,,
U+1F4CA,http://apps.timwhitlock.info/unicode/inspect/hex/1F4CA,BAR CHART,,,
U+1F4CB,http://apps.timwhitlock.info/unicode/inspect/hex/1F4CB,CLIPBOARD,clipboard,,
U+1F4CC,http://apps.timwhitlock.info/unicode/inspect/hex/1F4CC,PUSHPIN,pushpin,,
U+1F4CD,http://apps.timwhitlock.info/unicode/inspect/hex/1F4CD,ROUND PUSHPIN,,,
U+1F4CE,http://apps.timwhitlock.info/unicode/inspect/hex/1F4CE,PAPERCLIP,paperclip,,
U+1F4CF,http://apps.timwhitlock.info/unicode/inspect/hex/1F4CF,STRAIGHT RULER,ruler,,
U+1F4D0,http://apps.timwhitlock.info/unicode/inspect/hex/1F4D0,TRIANGULAR RULER,,,
U+1F4D1,http://apps.timwhitlock.info/unicode/inspect/hex/1F4D1,BOOKMARK TABS,,,
U+1F4D2,http://apps.timwhitlock.info/unicode/inspect/hex/1F4D2,LEDGER,,,
U+1F4D3,http://apps.timwhitlock.info/unicode/inspect/hex/1F4D3,NOTEBOOK,notebook,,
U+1F4D4,http://apps.timwhitlock.info/unicode/inspect/hex/1F4D4,NOTEBOOK WITH DECORATIVE COVER,,,
U+1F4D5,http://apps.timwhitlock.info/unicode/inspect/hex/1F4D5,CLOSED BOOK,,,
U+1F4D6,http://apps.timwhitlock.info/unicode/inspect/hex/1F4D6,OPEN BOOK,,,
U+1F4D7,http://apps.timwhitlock.info/unicode/inspect/hex/1F4D7,GREEN BOOK,,,
U+1F4D8,http://apps.timwhitlock.info/unicode/inspect/hex/1F4D8,BLUE BOOK,,,
U+1F4D9,http://apps.timwhitlock.info/unicode/inspect/hex/1F4D9,ORANGE BOOK,,,
U+1F4DA,http://apps.timwhitlock.info/unicode/inspect/hex/1F4DA,BOOKS,books,,
U+1F4DB,http://apps.timwhitlock.info/unicode/inspect/hex/1F4DB,NAME BADGE,,,
U+1F4DC,http://apps.timwhitlock.info/unicode/inspect/hex/1F4DC,SCROLL,scroll,,
U+1F4DD,http://apps.timwhitlock.info/unicode/inspect/hex/1F4DD,MEMO,memo,,
U+1F4DE,http://apps.timwhitlock.info/unicode/inspect/hex/1F4DE,TELEPHONE RECEIVER,telephone,,
U+1F4DF,http://apps.timwhitlock.info/unicode/inspect/hex/1F4DF,PAGER,pager,,
U+1F4E0,http://apps.timwhitlock.info/unicode/inspect/hex/1F4E0,FAX MACHINE,fax,,
U+1F4E1,http://apps.timwhitlock.info/unicode/inspect/hex/1F4E1,SATELLITE ANTENNA,satellite,,
U+1F4E2,http://apps.timwhitlock.info/unicode/inspect/hex/1F4E2,PUBLIC ADDRESS LOUDSPEAKER,,,
U+1F4E3,http://apps.timwhitlock.info/unicode/inspect/hex/1F4E3,CHEERING MEGAPHONE,cheering,,
U+1F4E4,http://apps.timwhitlock.info/unicode/inspect/hex/1F4E4,OUTBOX TRAY,,,
U+1F4E5,http://apps.timwhitlock.info/unicode/inspect/hex/1F4E5,INBOX TRAY,,,
U+1F4E6,http://apps.timwhitlock.info/unicode/inspect/hex/1F4E6,PACKAGE,package,,
U+1F4E7,http://apps.timwhitlock.info/unicode/inspect/hex/1F4E7,E-MAIL SYMBOL,email,,
U+1F4E8,http://apps.timwhitlock.info/unicode/inspect/hex/1F4E8,INCOMING ENVELOPE,,,
U+1F4E9,http://apps.timwhitlock.info/unicode/inspect/hex/1F4E9,ENVELOPE WITH DOWNWARDS ARROW ABOVE,,,
U+1F4EA,http://apps.timwhitlock.info/unicode/inspect/hex/1F4EA,CLOSED MAILBOX WITH LOWERED FLAG,,,
U+1F4EB,http://apps.timwhitlock.info/unicode/inspect/hex/1F4EB,CLOSED MAILBOX WITH RAISED FLAG,,,
U+1F4EE,http://apps.timwhitlock.info/unicode/inspect/hex/1F4EE,POSTBOX,postbox,post,
U+1F4F0,http://apps.timwhitlock.info/unicode/inspect/hex/1F4F0,NEWSPAPER,newspaper,,
U+1F4F1,http://apps.timwhitlock.info/unicode/inspect/hex/1F4F1,MOBILE PHONE,mobile,,
U+1F4F2,http://apps.timwhitlock.info/unicode/inspect/hex/1F4F2,MOBILE PHONE WITH RIGHTWARDS ARROW AT LEFT,,,
U+1F4F3,http://apps.timwhitlock.info/unicode/inspect/hex/1F4F3,VIBRATION MODE,,,
U+1F4F4,http://apps.timwhitlock.info/unicode/inspect/hex/1F4F4,MOBILE PHONE OFF,,,
U+1F4F6,http://apps.timwhitlock.info/unicode/inspect/hex/1F4F6,ANTENNA WITH BARS,,,
U+1F4F7,http://apps.timwhitlock.info/unicode/inspect/hex/1F4F7,CAMERA,camera,,
U+1F4F9,http://apps.timwhitlock.info/unicode/inspect/hex/1F4F9,VIDEO CAMERA,,,
U+1F4FA,http://apps.timwhitlock.info/unicode/inspect/hex/1F4FA,TELEVISION,television,,
U+1F4FB,http://apps.timwhitlock.info/unicode/inspect/hex/1F4FB,RADIO,radio,,
U+1F4FC,http://apps.timwhitlock.info/unicode/inspect/hex/1F4FC,VIDEOCASSETTE,,,
U+1F503,http://apps.timwhitlock.info/unicode/inspect/hex/1F503,CLOCKWISE DOWNWARDS AND UPWARDS OPEN CIRCLE ARROWS,,,
U+1F50A,http://apps.timwhitlock.info/unicode/inspect/hex/1F50A,SPEAKER WITH THREE SOUND WAVES,,,
U+1F50B,http://apps.timwhitlock.info/unicode/inspect/hex/1F50B,BATTERY,battery,,
U+1F50C,http://apps.timwhitlock.info/unicode/inspect/hex/1F50C,ELECTRIC PLUG,plug,,
U+1F50D,http://apps.timwhitlock.info/unicode/inspect/hex/1F50D,LEFT-POINTING MAGNIFYING GLASS,,,
U+1F50E,http://apps.timwhitlock.info/unicode/inspect/hex/1F50E,RIGHT-POINTING MAGNIFYING GLASS,,,
U+1F50F,http://apps.timwhitlock.info/unicode/inspect/hex/1F50F,LOCK WITH INK PEN,,,
U+1F510,http://apps.timwhitlock.info/unicode/inspect/hex/1F510,CLOSED LOCK WITH KEY,,,
U+1F511,http://apps.timwhitlock.info/unicode/inspect/hex/1F511,KEY,key,,
U+1F512,http://apps.timwhitlock.info/unicode/inspect/hex/1F512,LOCK,lock,,
U+1F513,http://apps.timwhitlock.info/unicode/inspect/hex/1F513,OPEN LOCK,,,
U+1F514,http://apps.timwhitlock.info/unicode/inspect/hex/1F514,BELL,bell,,
U+1F516,http://apps.timwhitlock.info/unicode/inspect/hex/1F516,BOOKMARK,bookmark,,
U+1F517,http://apps.timwhitlock.info/unicode/inspect/hex/1F517,LINK SYMBOL,,,
U+1F518,http://apps.timwhitlock.info/unicode/inspect/hex/1F518,RADIO BUTTON,,,
U+1F519,http://apps.timwhitlock.info/unicode/inspect/hex/1F519,BACK WITH LEFTWARDS ARROW ABOVE,,,
U+1F51A,http://apps.timwhitlock.info/unicode/inspect/hex/1F51A,END WITH LEFTWARDS ARROW ABOVE,,,
U+1F51B,http://apps.timwhitlock.info/unicode/inspect/hex/1F51B,ON WITH EXCLAMATION MARK WITH LEFT RIGHT ARROW ABOVE,,,
U+1F51C,http://apps.timwhitlock.info/unicode/inspect/hex/1F51C,SOON WITH RIGHTWARDS ARROW ABOVE,,,
U+1F51D,http://apps.timwhitlock.info/unicode/inspect/hex/1F51D,TOP WITH UPWARDS ARROW ABOVE,,,
U+1F51E,http://apps.timwhitlock.info/unicode/inspect/hex/1F51E,NO ONE UNDER EIGHTEEN SYMBOL,,,
U+1F51F,http://apps.timwhitlock.info/unicode/inspect/hex/1F51F,KEYCAP TEN,,,
U+1F520,http://apps.timwhitlock.info/unicode/inspect/hex/1F520,INPUT SYMBOL FOR LATIN CAPITAL LETTERS,,,
U+1F521,http://apps.timwhitlock.info/unicode/inspect/hex/1F521,INPUT SYMBOL FOR LATIN SMALL LETTERS,,,
U+1F522,http://apps.timwhitlock.info/unicode/inspect/hex/1F522,INPUT SYMBOL FOR NUMBERS,,,
U+1F523,http://apps.timwhitlock.info/unicode/inspect/hex/1F523,INPUT SYMBOL FOR SYMBOLS,,,
U+1F524,http://apps.timwhitlock.info/unicode/inspect/hex/1F524,INPUT SYMBOL FOR LATIN LETTERS,,,
U+1F525,http://apps.timwhitlock.info/unicode/inspect/hex/1F525,FIRE,fire,,
U+1F526,http://apps.timwhitlock.info/unicode/inspect/hex/1F526,ELECTRIC TORCH,torch,,
U+1F527,http://apps.timwhitlock.info/unicode/inspect/hex/1F527,WRENCH,wrench,,
U+1F528,http://apps.timwhitlock.info/unicode/inspect/hex/1F528,HAMMER,hammer,,
U+1F529,http://apps.timwhitlock.info/unicode/inspect/hex/1F529,NUT AND BOLT,,,
U+1F52A,http://apps.timwhitlock.info/unicode/inspect/hex/1F52A,HOCHO,hocho,,
U+1F52B,http://apps.timwhitlock.info/unicode/inspect/hex/1F52B,PISTOL,pistol,gun,
U+1F52E,http://apps.timwhitlock.info/unicode/inspect/hex/1F52E,CRYSTAL BALL,future,,
U+1F52F,http://apps.timwhitlock.info/unicode/inspect/hex/1F52F,SIX POINTED STAR WITH MIDDLE DOT,,,
U+1F530,http://apps.timwhitlock.info/unicode/inspect/hex/1F530,JAPANESE SYMBOL FOR BEGINNER,,,
U+1F531,http://apps.timwhitlock.info/unicode/inspect/hex/1F531,TRIDENT EMBLEM,,,
U+1F532,http://apps.timwhitlock.info/unicode/inspect/hex/1F532,BLACK SQUARE BUTTON,,,
U+1F533,http://apps.timwhitlock.info/unicode/inspect/hex/1F533,WHITE SQUARE BUTTON,,,
U+1F534,http://apps.timwhitlock.info/unicode/inspect/hex/1F534,LARGE RED CIRCLE,,,
U+1F535,http://apps.timwhitlock.info/unicode/inspect/hex/1F535,LARGE BLUE CIRCLE,,,
U+1F536,http://apps.timwhitlock.info/unicode/inspect/hex/1F536,LARGE ORANGE DIAMOND,,,
U+1F537,http://apps.timwhitlock.info/unicode/inspect/hex/1F537,LARGE BLUE DIAMOND,,,
U+1F538,http://apps.timwhitlock.info/unicode/inspect/hex/1F538,SMALL ORANGE DIAMOND,,,
U+1F539,http://apps.timwhitlock.info/unicode/inspect/hex/1F539,SMALL BLUE DIAMOND,,,
U+1F53A,http://apps.timwhitlock.info/unicode/inspect/hex/1F53A,UP-POINTING RED TRIANGLE,,,
U+1F53B,http://apps.timwhitlock.info/unicode/inspect/hex/1F53B,DOWN-POINTING RED TRIANGLE,down,,
U+1F53C,http://apps.timwhitlock.info/unicode/inspect/hex/1F53C,UP-POINTING SMALL RED TRIANGLE,,,
U+1F53D,http://apps.timwhitlock.info/unicode/inspect/hex/1F53D,DOWN-POINTING SMALL RED TRIANGLE,,,
U+1F550,http://apps.timwhitlock.info/unicode/inspect/hex/1F550,CLOCK FACE ONE OCLOCK,,,
U+1F551,http://apps.timwhitlock.info/unicode/inspect/hex/1F551,CLOCK FACE TWO OCLOCK,,,
U+1F552,http://apps.timwhitlock.info/unicode/inspect/hex/1F552,CLOCK FACE THREE OCLOCK,,,
U+1F553,http://apps.timwhitlock.info/unicode/inspect/hex/1F553,CLOCK FACE FOUR OCLOCK,,,
U+1F554,http://apps.timwhitlock.info/unicode/inspect/hex/1F554,CLOCK FACE FIVE OCLOCK,,,
U+1F555,http://apps.timwhitlock.info/unicode/inspect/hex/1F555,CLOCK FACE SIX OCLOCK,,,
U+1F556,http://apps.timwhitlock.info/unicode/inspect/hex/1F556,CLOCK FACE SEVEN OCLOCK,,,
U+1F557,http://apps.timwhitlock.info/unicode/inspect/hex/1F557,CLOCK FACE EIGHT OCLOCK,,,
U+1F558,http://apps.timwhitlock.info/unicode/inspect/hex/1F558,CLOCK FACE NINE OCLOCK,,,
U+1F559,http://apps.timwhitlock.info/unicode/inspect/hex/1F559,CLOCK FACE TEN OCLOCK,,,
U+1F55A,http://apps.timwhitlock.info/unicode/inspect/hex/1F55A,CLOCK FACE ELEVEN OCLOCK,,,
U+1F55B,http://apps.timwhitlock.info/unicode/inspect/hex/1F55B,CLOCK FACE TWELVE OCLOCK,,,
U+1F5FB,http://apps.timwhitlock.info/unicode/inspect/hex/1F5FB,MOUNT FUJI,fuji,,
U+1F5FC,http://apps.timwhitlock.info/unicode/inspect/hex/1F5FC,TOKYO TOWER,tokyo,,
U+1F5FD,http://apps.timwhitlock.info/unicode/inspect/hex/1F5FD,STATUE OF LIBERTY,liberty,ny,
U+1F5FE,http://apps.timwhitlock.info/unicode/inspect/hex/1F5FE,SILHOUETTE OF JAPAN,japan,,
U+1F5FF,http://apps.timwhitlock.info/unicode/inspect/hex/1F5FF,MOYAI,,,
U+1F600,http://apps.timwhitlock.info/unicode/inspect/hex/1F600,GRINNING FACE,,,
U+1F607,http://apps.timwhitlock.info/unicode/inspect/hex/1F607,SMILING FACE WITH HALO,,,
U+1F608,http://apps.timwhitlock.info/unicode/inspect/hex/1F608,SMILING FACE WITH HORNS,devil,,
U+1F60E,http://apps.timwhitlock.info/unicode/inspect/hex/1F60E,SMILING FACE WITH SUNGLASSES,cool,,
U+1F610,http://apps.timwhitlock.info/unicode/inspect/hex/1F610,NEUTRAL FACE,,,
U+1F611,http://apps.timwhitlock.info/unicode/inspect/hex/1F611,EXPRESSIONLESS FACE,,,
U+1F615,http://apps.timwhitlock.info/unicode/inspect/hex/1F615,CONFUSED FACE,confused,,
U+1F617,http://apps.timwhitlock.info/unicode/inspect/hex/1F617,KISSING FACE,,,
U+1F619,http://apps.timwhitlock.info/unicode/inspect/hex/1F619,KISSING FACE WITH SMILING EYES,,,
U+1F61B,http://apps.timwhitlock.info/unicode/inspect/hex/1F61B,FACE WITH STUCK-OUT TONGUE,,,
U+1F61F,http://apps.timwhitlock.info/unicode/inspect/hex/1F61F,WORRIED FACE,worried,,
U+1F626,http://apps.timwhitlock.info/unicode/inspect/hex/1F626,FROWNING FACE WITH OPEN MOUTH,,,
U+1F627,http://apps.timwhitlock.info/unicode/inspect/hex/1F627,ANGUISHED FACE,,,
U+1F62C,http://apps.timwhitlock.info/unicode/inspect/hex/1F62C,GRIMACING FACE,,,
U+1F62E,http://apps.timwhitlock.info/unicode/inspect/hex/1F62E,FACE WITH OPEN MOUTH,,,
U+1F62F,http://apps.timwhitlock.info/unicode/inspect/hex/1F62F,HUSHED FACE,,,
U+1F634,http://apps.timwhitlock.info/unicode/inspect/hex/1F634,SLEEPING FACE,,,
U+1F636,http://apps.timwhitlock.info/unicode/inspect/hex/1F636,FACE WITHOUT MOUTH,,,
U+1F681,http://apps.timwhitlock.info/unicode/inspect/hex/1F681,HELICOPTER,helicopter,,
U+1F682,http://apps.timwhitlock.info/unicode/inspect/hex/1F682,STEAM LOCOMOTIVE,,,
U+1F686,http://apps.timwhitlock.info/unicode/inspect/hex/1F686,TRAIN,,,
U+1F688,http://apps.timwhitlock.info/unicode/inspect/hex/1F688,LIGHT RAIL,,,
U+1F68A,http://apps.timwhitlock.info/unicode/inspect/hex/1F68A,TRAM,tram,,
U+1F68D,http://apps.timwhitlock.info/unicode/inspect/hex/1F68D,ONCOMING BUS,,,
U+1F68E,http://apps.timwhitlock.info/unicode/inspect/hex/1F68E,TROLLEYBUS,,,
U+1F690,http://apps.timwhitlock.info/unicode/inspect/hex/1F690,MINIBUS,minibus,,
U+1F694,http://apps.timwhitlock.info/unicode/inspect/hex/1F694,ONCOMING POLICE CAR,,,
U+1F696,http://apps.timwhitlock.info/unicode/inspect/hex/1F696,ONCOMING TAXI,,,
U+1F698,http://apps.timwhitlock.info/unicode/inspect/hex/1F698,ONCOMING AUTOMOBILE,,,
U+1F69B,http://apps.timwhitlock.info/unicode/inspect/hex/1F69B,ARTICULATED LORRY,,,
U+1F69C,http://apps.timwhitlock.info/unicode/inspect/hex/1F69C,TRACTOR,tractor,,
U+1F69D,http://apps.timwhitlock.info/unicode/inspect/hex/1F69D,MONORAIL,monorail,,
U+1F69E,http://apps.timwhitlock.info/unicode/inspect/hex/1F69E,MOUNTAIN RAILWAY,mountain,,
U+1F69F,http://apps.timwhitlock.info/unicode/inspect/hex/1F69F,SUSPENSION RAILWAY,,,
U+1F6A0,http://apps.timwhitlock.info/unicode/inspect/hex/1F6A0,MOUNTAIN CABLEWAY,,,
U+1F6A1,http://apps.timwhitlock.info/unicode/inspect/hex/1F6A1,AERIAL TRAMWAY,,,
U+1F6A3,http://apps.timwhitlock.info/unicode/inspect/hex/1F6A3,ROWBOAT,rowboat,,
U+1F6A6,http://apps.timwhitlock.info/unicode/inspect/hex/1F6A6,VERTICAL TRAFFIC LIGHT,,,
U+1F6AE,http://apps.timwhitlock.info/unicode/inspect/hex/1F6AE,PUT LITTER IN ITS PLACE SYMBOL,,,
U+1F6AF,http://apps.timwhitlock.info/unicode/inspect/hex/1F6AF,DO NOT LITTER SYMBOL,,,
U+1F6B0,http://apps.timwhitlock.info/unicode/inspect/hex/1F6B0,POTABLE WATER SYMBOL,,,
U+1F6B1,http://apps.timwhitlock.info/unicode/inspect/hex/1F6B1,NON-POTABLE WATER SYMBOL,,,
U+1F6B3,http://apps.timwhitlock.info/unicode/inspect/hex/1F6B3,NO BICYCLES,,,
U+1F6B4,http://apps.timwhitlock.info/unicode/inspect/hex/1F6B4,BICYCLIST,bicyclist,,
U+1F6B5,http://apps.timwhitlock.info/unicode/inspect/hex/1F6B5,MOUNTAIN BICYCLIST,,,
U+1F6B7,http://apps.timwhitlock.info/unicode/inspect/hex/1F6B7,NO PEDESTRIANS,,,
U+1F6B8,http://apps.timwhitlock.info/unicode/inspect/hex/1F6B8,CHILDREN CROSSING,,,
U+1F6BF,http://apps.timwhitlock.info/unicode/inspect/hex/1F6BF,SHOWER,shower,,
U+1F6C1,http://apps.timwhitlock.info/unicode/inspect/hex/1F6C1,BATHTUB,bathtub,,
U+1F6C2,http://apps.timwhitlock.info/unicode/inspect/hex/1F6C2,PASSPORT CONTROL,passport,,
U+1F6C3,http://apps.timwhitlock.info/unicode/inspect/hex/1F6C3,CUSTOMS,customs,,
U+1F6C4,http://apps.timwhitlock.info/unicode/inspect/hex/1F6C4,BAGGAGE CLAIM,baggage,,
U+1F6C5,http://apps.timwhitlock.info/unicode/inspect/hex/1F6C5,LEFT LUGGAGE,,,
U+1F30D,http://apps.timwhitlock.info/unicode/inspect/hex/1F30D,EARTH GLOBE EUROPE-AFRICA,,,
U+1F30E,http://apps.timwhitlock.info/unicode/inspect/hex/1F30E,EARTH GLOBE AMERICAS,,,
U+1F310,http://apps.timwhitlock.info/unicode/inspect/hex/1F310,GLOBE WITH MERIDIANS,,,
U+1F312,http://apps.timwhitlock.info/unicode/inspect/hex/1F312,WAXING CRESCENT MOON SYMBOL,,,
U+1F316,http://apps.timwhitlock.info/unicode/inspect/hex/1F316,WANING GIBBOUS MOON SYMBOL,,,
U+1F317,http://apps.timwhitlock.info/unicode/inspect/hex/1F317,LAST QUARTER MOON SYMBOL,,,
U+1F318,http://apps.timwhitlock.info/unicode/inspect/hex/1F318,WANING CRESCENT MOON SYMBOL,,,
U+1F31A,http://apps.timwhitlock.info/unicode/inspect/hex/1F31A,NEW MOON WITH FACE,,,
U+1F31C,http://apps.timwhitlock.info/unicode/inspect/hex/1F31C,LAST QUARTER MOON WITH FACE,,,
U+1F31D,http://apps.timwhitlock.info/unicode/inspect/hex/1F31D,FULL MOON WITH FACE,,,
U+1F31E,http://apps.timwhitlock.info/unicode/inspect/hex/1F31E,SUN WITH FACE,,,
U+1F332,http://apps.timwhitlock.info/unicode/inspect/hex/1F332,EVERGREEN TREE,tree,,
U+1F333,http://apps.timwhitlock.info/unicode/inspect/hex/1F333,DECIDUOUS TREE,,,
U+1F34B,http://apps.timwhitlock.info/unicode/inspect/hex/1F34B,LEMON,lemon,,
U+1F350,http://apps.timwhitlock.info/unicode/inspect/hex/1F350,PEAR,pear,,
U+1F37C,http://apps.timwhitlock.info/unicode/inspect/hex/1F37C,BABY BOTTLE,baby,,
U+1F3C7,http://apps.timwhitlock.info/unicode/inspect/hex/1F3C7,HORSE RACING,racing,,
U+1F3C9,http://apps.timwhitlock.info/unicode/inspect/hex/1F3C9,RUGBY FOOTBALL,rugby,,
U+1F3E4,http://apps.timwhitlock.info/unicode/inspect/hex/1F3E4,EUROPEAN POST OFFICE,,,
U+1F400,http://apps.timwhitlock.info/unicode/inspect/hex/1F400,RAT,rat,,
U+1F401,http://apps.timwhitlock.info/unicode/inspect/hex/1F401,MOUSE,mouse,,
U+1F402,http://apps.timwhitlock.info/unicode/inspect/hex/1F402,OX,ox,,
U+1F403,http://apps.timwhitlock.info/unicode/inspect/hex/1F403,WATER BUFFALO,,,
U+1F404,http://apps.timwhitlock.info/unicode/inspect/hex/1F404,COW,,,
U+1F405,http://apps.timwhitlock.info/unicode/inspect/hex/1F405,TIGER,tiger,,
U+1F406,http://apps.timwhitlock.info/unicode/inspect/hex/1F406,LEOPARD,leopard,,
U+1F407,http://apps.timwhitlock.info/unicode/inspect/hex/1F407,RABBIT,rabbit,,
U+1F408,http://apps.timwhitlock.info/unicode/inspect/hex/1F408,CAT,,,
U+1F409,http://apps.timwhitlock.info/unicode/inspect/hex/1F409,DRAGON,,,
U+1F40A,http://apps.timwhitlock.info/unicode/inspect/hex/1F40A,CROCODILE,,,
U+1F40B,http://apps.timwhitlock.info/unicode/inspect/hex/1F40B,WHALE,,,
U+1F40F,http://apps.timwhitlock.info/unicode/inspect/hex/1F40F,RAM,,,
U+1F410,http://apps.timwhitlock.info/unicode/inspect/hex/1F410,GOAT,,,
U+1F413,http://apps.timwhitlock.info/unicode/inspect/hex/1F413,ROOSTER,,,
U+1F415,http://apps.timwhitlock.info/unicode/inspect/hex/1F415,DOG,,,
U+1F416,http://apps.timwhitlock.info/unicode/inspect/hex/1F416,PIG,,,
U+1F42A,http://apps.timwhitlock.info/unicode/inspect/hex/1F42A,DROMEDARY CAMEL,,,
U+1F465,http://apps.timwhitlock.info/unicode/inspect/hex/1F465,BUSTS IN SILHOUETTE,,,
U+1F46C,http://apps.timwhitlock.info/unicode/inspect/hex/1F46C,TWO MEN HOLDING HANDS,,,
U+1F46D,http://apps.timwhitlock.info/unicode/inspect/hex/1F46D,TWO WOMEN HOLDING HANDS,,,
U+1F4AD,http://apps.timwhitlock.info/unicode/inspect/hex/1F4AD,THOUGHT BALLOON,,,
U+1F4B6,http://apps.timwhitlock.info/unicode/inspect/hex/1F4B6,BANKNOTE WITH EURO SIGN,,,
U+1F4B7,http://apps.timwhitlock.info/unicode/inspect/hex/1F4B7,BANKNOTE WITH POUND SIGN,,,
U+1F4EC,http://apps.timwhitlock.info/unicode/inspect/hex/1F4EC,OPEN MAILBOX WITH RAISED FLAG,,,
U+1F4ED,http://apps.timwhitlock.info/unicode/inspect/hex/1F4ED,OPEN MAILBOX WITH LOWERED FLAG,,,
U+1F4EF,http://apps.timwhitlock.info/unicode/inspect/hex/1F4EF,POSTAL HORN,,,
U+1F4F5,http://apps.timwhitlock.info/unicode/inspect/hex/1F4F5,NO MOBILE PHONES,,,
U+1F500,http://apps.timwhitlock.info/unicode/inspect/hex/1F500,TWISTED RIGHTWARDS ARROWS,,,
U+1F501,http://apps.timwhitlock.info/unicode/inspect/hex/1F501,CLOCKWISE RIGHTWARDS AND LEFTWARDS OPEN CIRCLE ARROWS,,,
U+1F502,http://apps.timwhitlock.info/unicode/inspect/hex/1F502,CLOCKWISE RIGHTWARDS AND LEFTWARDS OPEN CIRCLE ARROWS WITH CIRCLED ONE OVERLAY,,,
U+1F504,http://apps.timwhitlock.info/unicode/inspect/hex/1F504,ANTICLOCKWISE DOWNWARDS AND UPWARDS OPEN CIRCLE ARROWS,,,
U+1F505,http://apps.timwhitlock.info/unicode/inspect/hex/1F505,LOW BRIGHTNESS SYMBOL,,,
U+1F506,http://apps.timwhitlock.info/unicode/inspect/hex/1F506,HIGH BRIGHTNESS SYMBOL,,,
U+1F507,http://apps.timwhitlock.info/unicode/inspect/hex/1F507,SPEAKER WITH CANCELLATION STROKE,,,
U+1F509,http://apps.timwhitlock.info/unicode/inspect/hex/1F509,SPEAKER WITH ONE SOUND WAVE,,,
U+1F515,http://apps.timwhitlock.info/unicode/inspect/hex/1F515,BELL WITH CANCELLATION STROKE,,,
U+1F52C,http://apps.timwhitlock.info/unicode/inspect/hex/1F52C,MICROSCOPE,,,
U+1F52D,http://apps.timwhitlock.info/unicode/inspect/hex/1F52D,TELESCOPE,,,
U+1F55C,http://apps.timwhitlock.info/unicode/inspect/hex/1F55C,CLOCK FACE ONE-THIRTY,,,
U+1F55D,http://apps.timwhitlock.info/unicode/inspect/hex/1F55D,CLOCK FACE TWO-THIRTY,,,
U+1F55E,http://apps.timwhitlock.info/unicode/inspect/hex/1F55E,CLOCK FACE THREE-THIRTY,,,
U+1F55F,http://apps.timwhitlock.info/unicode/inspect/hex/1F55F,CLOCK FACE FOUR-THIRTY,,,
U+1F560,http://apps.timwhitlock.info/unicode/inspect/hex/1F560,CLOCK FACE FIVE-THIRTY,,,
U+1F561,http://apps.timwhitlock.info/unicode/inspect/hex/1F561,CLOCK FACE SIX-THIRTY,,,
U+1F562,http://apps.timwhitlock.info/unicode/inspect/hex/1F562,CLOCK FACE SEVEN-THIRTY,,,
U+1F563,http://apps.timwhitlock.info/unicode/inspect/hex/1F563,CLOCK FACE EIGHT-THIRTY,,,
U+1F564,http://apps.timwhitlock.info/unicode/inspect/hex/1F564,CLOCK FACE NINE-THIRTY,,,
U+1F565,http://apps.timwhitlock.info/unicode/inspect/hex/1F565,CLOCK FACE TEN-THIRTY,,,
U+1F566,http://apps.timwhitlock.info/unicode/inspect/hex/1F566,CLOCK FACE ELEVEN-THIRTY,,,
U+1F567,http://apps.timwhitlock.info/unicode/inspect/hex/1F567,CLOCK FACE TWELVE-THIRTY,,,
